Date,Visitor,G,Home,G,,Att.,LOG,Notes
1998-10-09,San Jose Sharks,3,Calgary Flames,3,OT,,,"at Tokyo, Japan"
1998-10-09,Tampa Bay Lightning,1,Florida Panthers,4,,,,
1998-10-09,Philadelphia Flyers,1,New York Rangers,0,,,,
1998-10-10,St. Louis Blues,3,Boston Bruins,3,OT,,,
1998-10-10,Tampa Bay Lightning,4,Carolina Hurricanes,4,OT,,,
1998-10-10,New Jersey Devils,1,Chicago Blackhawks,2,,,,
1998-10-10,Ottawa Senators,4,Colorado Avalanche,3,,,,
1998-10-10,Buffalo Sabres,1,Dallas Stars,4,,,,
1998-10-10,Los Angeles Kings,2,Edmonton Oilers,1,,,,
1998-10-10,New York Rangers,1,Montreal Canadiens,7,,,,
1998-10-10,Florida Panthers,1,Nashville Predators,0,,,,
1998-10-10,Pittsburgh Penguins,4,New York Islanders,3,,,,
1998-10-10,Calgary Flames,5,San Jose Sharks,3,,,,"at Tokyo, Japan"
1998-10-10,Detroit Red Wings,1,Toronto Maple Leafs,2,,,,
1998-10-10,Mighty Ducks of Anaheim,0,Washington Capitals,1,,,,
1998-10-11,Mighty Ducks of Anaheim,1,Philadelphia Flyers,4,,,,
1998-10-11,Ottawa Senators,4,Phoenix Coyotes,1,,,,
1998-10-12,New York Islanders,0,Boston Bruins,3,,,,
1998-10-12,Buffalo Sabres,3,Colorado Avalanche,0,,,,
1998-10-12,St. Louis Blues,4,New York Rangers,2,,,,
1998-10-12,Los Angeles Kings,2,Vancouver Canucks,4,,,,
1998-10-13,Chicago Blackhawks,1,Dallas Stars,3,,,,
1998-10-13,Toronto Maple Leafs,3,Edmonton Oilers,2,,,,
1998-10-13,Mighty Ducks of Anaheim,0,Montreal Canadiens,1,,,,
1998-10-13,Carolina Hurricanes,2,Nashville Predators,3,,,,
1998-10-13,Detroit Red Wings,3,Washington Capitals,2,,,,
1998-10-14,Boston Bruins,3,Colorado Avalanche,0,,,,
1998-10-14,Pittsburgh Penguins,3,New Jersey Devils,1,,,,
1998-10-14,New York Islanders,2,Tampa Bay Lightning,0,,,,
1998-10-14,Edmonton Oilers,4,Vancouver Canucks,1,,,,
1998-10-15,Dallas Stars,2,Carolina Hurricanes,2,OT,,,
1998-10-15,Mighty Ducks of Anaheim,5,Chicago Blackhawks,3,,,,
1998-10-15,Colorado Avalanche,2,Phoenix Coyotes,5,,,,
1998-10-16,Florida Panthers,2,Buffalo Sabres,2,OT,,,
1998-10-16,Toronto Maple Leafs,7,Calgary Flames,3,,,,
1998-10-16,St. Louis Blues,1,Detroit Red Wings,4,,,,
1998-10-16,Boston Bruins,1,Los Angeles Kings,2,OT,,,
1998-10-16,New Jersey Devils,2,New York Rangers,1,,,,
1998-10-16,Philadelphia Flyers,5,Tampa Bay Lightning,2,,,,
1998-10-16,Montreal Canadiens,2,Washington Capitals,2,OT,,,
1998-10-17,Philadelphia Flyers,1,Carolina Hurricanes,1,OT,,,
1998-10-17,Dallas Stars,3,Chicago Blackhawks,4,,,,
1998-10-17,Buffalo Sabres,4,Montreal Canadiens,3,,,,
1998-10-17,Edmonton Oilers,4,New Jersey Devils,2,,,,
1998-10-17,Nashville Predators,1,Ottawa Senators,3,,,,
1998-10-17,New York Rangers,3,Pittsburgh Penguins,3,OT,,,
1998-10-17,New York Islanders,1,St. Louis Blues,0,,,,
1998-10-17,Toronto Maple Leafs,1,Vancouver Canucks,4,,,,
1998-10-18,Calgary Flames,0,Detroit Red Wings,2,,,,
1998-10-18,Colorado Avalanche,5,Los Angeles Kings,5,OT,,,
1998-10-18,Boston Bruins,3,San Jose Sharks,0,,,,
1998-10-18,Washington Capitals,4,Tampa Bay Lightning,1,,,,
1998-10-19,Chicago Blackhawks,2,Montreal Canadiens,1,,,,
1998-10-19,Boston Bruins,1,Phoenix Coyotes,3,,,,
1998-10-19,Nashville Predators,2,Toronto Maple Leafs,2,OT,,,
1998-10-20,Vancouver Canucks,1,Carolina Hurricanes,3,,,,
1998-10-20,Calgary Flames,1,Dallas Stars,3,,,,
1998-10-20,Edmonton Oilers,2,New York Rangers,3,,,,
1998-10-20,San Jose Sharks,1,Philadelphia Flyers,3,,,,
1998-10-21,Nashville Predators,2,Detroit Red Wings,5,,,,
1998-10-21,Los Angeles Kings,1,Florida Panthers,1,OT,,,
1998-10-21,Boston Bruins,0,Mighty Ducks of Anaheim,3,,,,
1998-10-21,Ottawa Senators,2,Montreal Canadiens,3,,,,
1998-10-21,Edmonton Oilers,4,New York Islanders,2,,,,
1998-10-21,Pittsburgh Penguins,0,Tampa Bay Lightning,5,,,,
1998-10-21,Vancouver Canucks,2,Washington Capitals,1,,,,
1998-10-22,San Jose Sharks,2,Chicago Blackhawks,2,OT,,,
1998-10-22,Phoenix Coyotes,1,Dallas Stars,2,,,,
1998-10-22,New York Islanders,2,New York Rangers,3,,,,
1998-10-22,St. Louis Blues,5,Ottawa Senators,3,,,,
1998-10-22,New Jersey Devils,3,Philadelphia Flyers,2,,,,
1998-10-23,Washington Capitals,1,Buffalo Sabres,0,,,,
1998-10-23,Toronto Maple Leafs,5,Detroit Red Wings,3,,,,
1998-10-23,Vancouver Canucks,5,Florida Panthers,0,,,,
1998-10-23,Calgary Flames,4,Nashville Predators,3,,,,
1998-10-23,Los Angeles Kings,2,Tampa Bay Lightning,3,,,,
1998-10-24,Nashville Predators,4,Chicago Blackhawks,5,,,,
1998-10-24,Edmonton Oilers,4,Colorado Avalanche,6,,,,
1998-10-24,San Jose Sharks,1,Dallas Stars,2,,,,
1998-10-24,Detroit Red Wings,3,Montreal Canadiens,0,,,,
1998-10-24,Boston Bruins,1,New Jersey Devils,3,,,,
1998-10-24,Buffalo Sabres,4,New York Islanders,5,,,,
1998-10-24,Carolina Hurricanes,3,Ottawa Senators,1,,,,
1998-10-24,New York Rangers,2,Philadelphia Flyers,2,OT,,,
1998-10-24,Toronto Maple Leafs,6,Pittsburgh Penguins,4,,,,
1998-10-24,Calgary Flames,3,St. Louis Blues,4,,,,
1998-10-24,Florida Panthers,2,Washington Capitals,2,OT,,,
1998-10-25,Los Angeles Kings,3,Carolina Hurricanes,2,,,,
1998-10-25,Phoenix Coyotes,2,Mighty Ducks of Anaheim,2,OT,,,
1998-10-25,Vancouver Canucks,2,Tampa Bay Lightning,3,,,,
1998-10-26,Phoenix Coyotes,5,Colorado Avalanche,1,,,,
1998-10-26,Pittsburgh Penguins,2,Toronto Maple Leafs,0,,,,
1998-10-27,Vancouver Canucks,4,Nashville Predators,5,,,,
1998-10-27,Los Angeles Kings,0,New York Islanders,1,,,,
1998-10-27,Buffalo Sabres,0,New York Rangers,0,OT,,,
1998-10-27,St. Louis Blues,1,Philadelphia Flyers,2,,,,
1998-10-28,Chicago Blackhawks,0,Carolina Hurricanes,2,,,,
1998-10-28,Pittsburgh Penguins,5,Calgary Flames,2,,,,
1998-10-28,Washington Capitals,2,Edmonton Oilers,8,,,,
1998-10-28,Detroit Red Wings,7,Florida Panthers,2,,,,
1998-10-28,Tampa Bay Lightning,3,Mighty Ducks of Anaheim,5,,,,
1998-10-28,Boston Bruins,9,Montreal Canadiens,2,,,,
1998-10-28,Los Angeles Kings,4,New Jersey Devils,0,,,,
1998-10-28,Phoenix Coyotes,4,San Jose Sharks,2,,,,
1998-10-29,Montreal Canadiens,1,Boston Bruins,1,OT,,,
1998-10-29,San Jose Sharks,2,Colorado Avalanche,4,,,,
1998-10-29,New Jersey Devils,2,New York Islanders,1,,,,
1998-10-29,Philadelphia Flyers,1,Ottawa Senators,3,,,,
1998-10-29,Detroit Red Wings,1,St. Louis Blues,3,,,,
1998-10-30,Toronto Maple Leafs,1,Buffalo Sabres,4,,,,
1998-10-30,Washington Capitals,0,Calgary Flames,0,OT,,,
1998-10-30,Florida Panthers,7,Chicago Blackhawks,3,,,,
1998-10-30,Mighty Ducks of Anaheim,3,Dallas Stars,3,OT,,,
1998-10-30,Tampa Bay Lightning,3,Los Angeles Kings,0,,,,
1998-10-30,Carolina Hurricanes,0,New York Rangers,1,,,,
1998-10-30,Pittsburgh Penguins,2,Vancouver Canucks,2,OT,,,
1998-10-31,Carolina Hurricanes,2,Boston Bruins,0,,,,
1998-10-31,Detroit Red Wings,2,Dallas Stars,3,,,,
1998-10-31,Pittsburgh Penguins,1,Edmonton Oilers,4,,,,
1998-10-31,Florida Panthers,1,New Jersey Devils,3,,,,
1998-10-31,Colorado Avalanche,2,Nashville Predators,3,,,,
1998-10-31,Philadelphia Flyers,2,New York Islanders,3,,,,
1998-10-31,Montreal Canadiens,1,Ottawa Senators,5,,,,
1998-10-31,Tampa Bay Lightning,1,San Jose Sharks,6,,,,
1998-10-31,Mighty Ducks of Anaheim,2,St. Louis Blues,2,OT,,,
1998-10-31,Buffalo Sabres,6,Toronto Maple Leafs,3,,,,
1998-11-01,Calgary Flames,4,Chicago Blackhawks,1,,,,
1998-11-01,Phoenix Coyotes,3,Los Angeles Kings,0,,,,
1998-11-01,Ottawa Senators,5,Philadelphia Flyers,4,,,,
1998-11-01,Washington Capitals,1,Vancouver Canucks,4,,,,
1998-11-02,Colorado Avalanche,3,Carolina Hurricanes,2,,,,
1998-11-02,Vancouver Canucks,3,Edmonton Oilers,5,,,,
1998-11-02,Florida Panthers,2,New York Islanders,6,,,,
1998-11-03,Boston Bruins,2,Buffalo Sabres,4,,,,
1998-11-03,Calgary Flames,5,Detroit Red Wings,2,,,,
1998-11-03,New York Rangers,1,New Jersey Devils,3,,,,
1998-11-03,Philadelphia Flyers,4,Pittsburgh Penguins,4,OT,,,
1998-11-04,Nashville Predators,2,Edmonton Oilers,3,,,,
1998-11-04,Chicago Blackhawks,1,Florida Panthers,2,,,,
1998-11-04,St. Louis Blues,3,Mighty Ducks of Anaheim,1,,,,
1998-11-04,Montreal Canadiens,4,New York Rangers,1,,,,
1998-11-04,Dallas Stars,0,San Jose Sharks,4,,,,
1998-11-04,Colorado Avalanche,0,Toronto Maple Leafs,3,,,,
1998-11-04,Tampa Bay Lightning,5,Washington Capitals,2,,,,
1998-11-05,Toronto Maple Leafs,1,Boston Bruins,4,,,,
1998-11-05,St. Louis Blues,2,Los Angeles Kings,2,OT,,,
1998-11-05,Carolina Hurricanes,6,New York Islanders,3,,,,
1998-11-05,Pittsburgh Penguins,4,Ottawa Senators,2,,,,
1998-11-06,Nashville Predators,2,Calgary Flames,1,,,,
1998-11-06,Colorado Avalanche,5,Edmonton Oilers,2,,,,
1998-11-06,San Jose Sharks,2,Mighty Ducks of Anaheim,2,OT,,,
1998-11-06,Detroit Red Wings,1,Phoenix Coyotes,3,,,,
1998-11-06,Chicago Blackhawks,2,Tampa Bay Lightning,2,OT,,,
1998-11-06,Carolina Hurricanes,3,Washington Capitals,2,,,,
1998-11-07,New Jersey Devils,4,Florida Panthers,3,,,,
1998-11-07,Dallas Stars,4,Los Angeles Kings,3,,,,
1998-11-07,New York Islanders,2,Montreal Canadiens,4,,,,
1998-11-07,Washington Capitals,8,Ottawa Senators,5,,,,
1998-11-07,Buffalo Sabres,2,Philadelphia Flyers,2,OT,,,
1998-11-07,Boston Bruins,0,Pittsburgh Penguins,0,OT,,,
1998-11-07,St. Louis Blues,2,San Jose Sharks,2,OT,,,
1998-11-07,New York Rangers,6,Toronto Maple Leafs,6,OT,,,
1998-11-07,Nashville Predators,3,Vancouver Canucks,5,,,,
1998-11-08,Boston Bruins,5,Carolina Hurricanes,2,,,,
1998-11-08,Colorado Avalanche,1,Calgary Flames,3,,,,
1998-11-08,Edmonton Oilers,3,Chicago Blackhawks,2,OT,,,
1998-11-08,Detroit Red Wings,3,Mighty Ducks of Anaheim,2,,,,
1998-11-08,New Jersey Devils,1,Tampa Bay Lightning,3,,,,
1998-11-09,Philadelphia Flyers,1,Montreal Canadiens,5,,,,
1998-11-09,New York Islanders,3,Toronto Maple Leafs,1,,,,
1998-11-09,Los Angeles Kings,4,Vancouver Canucks,3,,,,
1998-11-10,Ottawa Senators,2,Buffalo Sabres,2,OT,,,
1998-11-10,Los Angeles Kings,4,Calgary Flames,5,OT,,,
1998-11-10,Colorado Avalanche,1,Phoenix Coyotes,1,OT,,,
1998-11-10,New York Islanders,2,Pittsburgh Penguins,3,,,,
1998-11-10,Nashville Predators,4,San Jose Sharks,2,,,,
1998-11-10,Chicago Blackhawks,2,St. Louis Blues,5,,,,
1998-11-10,New York Rangers,10,Tampa Bay Lightning,2,,,,
1998-11-11,Phoenix Coyotes,2,Dallas Stars,0,,,,
1998-11-11,St. Louis Blues,2,Detroit Red Wings,6,,,,
1998-11-11,New York Rangers,1,Florida Panthers,4,,,,
1998-11-11,Carolina Hurricanes,4,Mighty Ducks of Anaheim,5,OT,,,
1998-11-11,Montreal Canadiens,0,New Jersey Devils,3,,,,
1998-11-11,Edmonton Oilers,2,Toronto Maple Leafs,3,,,,
1998-11-12,Vancouver Canucks,4,Calgary Flames,3,,,,
1998-11-12,Toronto Maple Leafs,10,Chicago Blackhawks,3,,,,
1998-11-12,Nashville Predators,3,Los Angeles Kings,1,,,,
1998-11-12,Montreal Canadiens,0,New York Islanders,4,,,,
1998-11-12,Edmonton Oilers,1,Ottawa Senators,1,OT,,,
1998-11-12,Florida Panthers,2,Philadelphia Flyers,1,,,,
1998-11-12,Carolina Hurricanes,0,San Jose Sharks,3,,,,
1998-11-12,Buffalo Sabres,2,Washington Capitals,0,,,,
1998-11-13,Tampa Bay Lightning,1,Colorado Avalanche,8,,,,
1998-11-13,Dallas Stars,5,Detroit Red Wings,1,,,,
1998-11-13,Pittsburgh Penguins,3,New Jersey Devils,4,,,,
1998-11-13,Boston Bruins,3,New York Rangers,3,OT,,,
1998-11-13,Mighty Ducks of Anaheim,2,Vancouver Canucks,5,,,,
1998-11-14,Dallas Stars,3,Boston Bruins,1,,,,
1998-11-14,Chicago Blackhawks,1,Buffalo Sabres,6,,,,
1998-11-14,Mighty Ducks of Anaheim,1,Calgary Flames,0,,,,
1998-11-14,Carolina Hurricanes,5,Los Angeles Kings,3,,,,
1998-11-14,Edmonton Oilers,4,Montreal Canadiens,1,,,,
1998-11-14,Washington Capitals,5,New York Islanders,3,,,,
1998-11-14,New Jersey Devils,1,Philadelphia Flyers,6,,,,
1998-11-14,Tampa Bay Lightning,1,Phoenix Coyotes,4,,,,
1998-11-14,Florida Panthers,0,Pittsburgh Penguins,4,,,,
1998-11-14,Nashville Predators,1,St. Louis Blues,5,,,,
1998-11-14,Ottawa Senators,1,Toronto Maple Leafs,2,,,,
1998-11-15,Ottawa Senators,2,Chicago Blackhawks,2,OT,,,
1998-11-15,Colorado Avalanche,2,Vancouver Canucks,1,,,,
1998-11-16,Detroit Red Wings,3,Calgary Flames,5,,,,
1998-11-16,Los Angeles Kings,1,Mighty Ducks of Anaheim,3,,,,
1998-11-17,Montreal Canadiens,4,Carolina Hurricanes,5,,,,
1998-11-17,New York Islanders,2,Colorado Avalanche,5,,,,
1998-11-17,Chicago Blackhawks,2,Nashville Predators,1,,,,
1998-11-17,Philadelphia Flyers,4,Pittsburgh Penguins,1,,,,
1998-11-18,Detroit Red Wings,6,Edmonton Oilers,2,,,,
1998-11-18,New York Rangers,1,Mighty Ducks of Anaheim,3,,,,
1998-11-18,Vancouver Canucks,2,Phoenix Coyotes,4,,,,
1998-11-18,Los Angeles Kings,4,San Jose Sharks,5,,,,
1998-11-18,Toronto Maple Leafs,1,Washington Capitals,4,,,,
1998-11-19,Florida Panthers,5,Boston Bruins,5,OT,,,
1998-11-19,Vancouver Canucks,5,Colorado Avalanche,0,,,,
1998-11-19,New York Rangers,5,Los Angeles Kings,1,,,,
1998-11-19,Calgary Flames,3,Montreal Canadiens,4,,,,
1998-11-19,Carolina Hurricanes,2,New Jersey Devils,3,OT,,,
1998-11-19,St. Louis Blues,2,Nashville Predators,3,,,,
1998-11-19,Pittsburgh Penguins,5,Tampa Bay Lightning,1,,,,
1998-11-20,Toronto Maple Leafs,1,Buffalo Sabres,4,,,,
1998-11-20,Philadelphia Flyers,3,Carolina Hurricanes,1,,,,
1998-11-20,New York Islanders,2,Dallas Stars,4,,,,
1998-11-20,Edmonton Oilers,3,Mighty Ducks of Anaheim,2,OT,,,
1998-11-20,Phoenix Coyotes,2,San Jose Sharks,1,OT,,,
1998-11-20,Ottawa Senators,4,Washington Capitals,1,,,,
1998-11-21,Washington Capitals,4,Boston Bruins,5,OT,,,
1998-11-21,Chicago Blackhawks,0,Los Angeles Kings,5,,,,
1998-11-21,Colorado Avalanche,3,Montreal Canadiens,2,,,,
1998-11-21,Florida Panthers,3,New Jersey Devils,3,OT,,,
1998-11-21,New York Islanders,6,Nashville Predators,3,,,,
1998-11-21,Calgary Flames,1,Ottawa Senators,4,,,,
1998-11-21,Edmonton Oilers,2,Phoenix Coyotes,3,OT,,,
1998-11-21,Tampa Bay Lightning,2,Pittsburgh Penguins,5,,,,
1998-11-21,New York Rangers,2,San Jose Sharks,2,OT,,,
1998-11-21,Dallas Stars,3,St. Louis Blues,3,OT,,,
1998-11-21,Buffalo Sabres,1,Toronto Maple Leafs,2,,,,
1998-11-21,Detroit Red Wings,4,Vancouver Canucks,2,,,,
1998-11-22,New Jersey Devils,5,Carolina Hurricanes,2,,,,
1998-11-22,Philadelphia Flyers,2,Florida Panthers,1,OT,,,
1998-11-22,Chicago Blackhawks,1,Mighty Ducks of Anaheim,4,,,,
1998-11-23,San Jose Sharks,2,Dallas Stars,3,,,,
1998-11-23,Vancouver Canucks,3,Ottawa Senators,4,,,,
1998-11-23,Calgary Flames,2,Toronto Maple Leafs,3,,,,
1998-11-24,Chicago Blackhawks,2,Phoenix Coyotes,3,,,,
1998-11-24,Nashville Predators,0,St. Louis Blues,4,,,,
1998-11-24,Boston Bruins,4,Tampa Bay Lightning,1,,,,
1998-11-25,New York Rangers,2,Buffalo Sabres,4,,,,
1998-11-25,San Jose Sharks,0,Carolina Hurricanes,3,,,,
1998-11-25,New Jersey Devils,5,Dallas Stars,2,,,,
1998-11-25,Mighty Ducks of Anaheim,2,Detroit Red Wings,5,,,,
1998-11-25,Colorado Avalanche,0,Edmonton Oilers,3,,,,
1998-11-25,Boston Bruins,1,Florida Panthers,0,,,,
1998-11-25,Calgary Flames,3,Nashville Predators,4,,,,
1998-11-25,Philadelphia Flyers,2,New York Islanders,4,,,,
1998-11-25,Vancouver Canucks,1,Toronto Maple Leafs,5,,,,
1998-11-25,Pittsburgh Penguins,4,Washington Capitals,5,,,,
1998-11-26,New York Islanders,1,Ottawa Senators,4,,,,
1998-11-26,New Jersey Devils,2,Phoenix Coyotes,3,,,,
1998-11-27,Montreal Canadiens,1,Boston Bruins,5,,,,
1998-11-27,Edmonton Oilers,3,Calgary Flames,2,,,,
1998-11-27,Washington Capitals,0,Dallas Stars,4,,,,
1998-11-27,Vancouver Canucks,1,Detroit Red Wings,7,,,,
1998-11-27,Mighty Ducks of Anaheim,1,Nashville Predators,3,,,,
1998-11-27,Toronto Maple Leafs,3,Philadelphia Flyers,4,,,,
1998-11-27,New York Rangers,2,Pittsburgh Penguins,2,OT,,,
1998-11-27,San Jose Sharks,4,St. Louis Blues,2,,,,
1998-11-27,Florida Panthers,2,Tampa Bay Lightning,1,,,,
1998-11-28,Chicago Blackhawks,4,Calgary Flames,5,,,,
1998-11-28,New Jersey Devils,3,Colorado Avalanche,2,,,,
1998-11-28,Buffalo Sabres,2,Florida Panthers,6,,,,
1998-11-28,Phoenix Coyotes,4,Los Angeles Kings,0,,,,
1998-11-28,Pittsburgh Penguins,4,Montreal Canadiens,3,,,,
1998-11-28,Carolina Hurricanes,3,New York Islanders,1,,,,
1998-11-28,Washington Capitals,2,St. Louis Blues,4,,,,
1998-11-28,Ottawa Senators,2,Toronto Maple Leafs,3,OT,,,
1998-11-29,Mighty Ducks of Anaheim,1,Carolina Hurricanes,3,,,,
1998-11-29,San Jose Sharks,1,Detroit Red Wings,4,,,,
1998-11-29,Chicago Blackhawks,3,Edmonton Oilers,2,,,,
1998-11-29,Nashville Predators,1,New York Rangers,5,,,,
1998-11-29,Vancouver Canucks,2,Philadelphia Flyers,6,,,,
1998-11-29,Buffalo Sabres,6,Tampa Bay Lightning,3,,,,
1998-11-30,Los Angeles Kings,1,Montreal Canadiens,3,,,,
1998-12-01,Vancouver Canucks,1,Boston Bruins,1,OT,,,
1998-12-01,Ottawa Senators,3,Nashville Predators,1,,,,
1998-12-01,Florida Panthers,4,New York Rangers,5,OT,,,
1998-12-01,Mighty Ducks of Anaheim,4,Pittsburgh Penguins,4,OT,,,
1998-12-01,New Jersey Devils,4,Washington Capitals,0,,,,
1998-12-02,Florida Panthers,1,Buffalo Sabres,2,,,,
1998-12-02,Montreal Canadiens,1,Carolina Hurricanes,4,,,,
1998-12-02,Detroit Red Wings,2,Colorado Avalanche,4,,,,
1998-12-02,Phoenix Coyotes,3,Edmonton Oilers,4,,,,
1998-12-02,New York Rangers,3,New York Islanders,2,,,,
1998-12-02,Dallas Stars,3,San Jose Sharks,0,,,,
1998-12-02,Los Angeles Kings,1,Toronto Maple Leafs,3,,,,
1998-12-03,Tampa Bay Lightning,1,Calgary Flames,4,,,,
1998-12-03,Mighty Ducks of Anaheim,1,Chicago Blackhawks,4,,,,
1998-12-03,Los Angeles Kings,1,Ottawa Senators,3,,,,
1998-12-04,Philadelphia Flyers,0,Buffalo Sabres,3,,,,
1998-12-04,Pittsburgh Penguins,3,Carolina Hurricanes,3,OT,,,
1998-12-04,St. Louis Blues,0,Colorado Avalanche,2,,,,
1998-12-04,Tampa Bay Lightning,2,Edmonton Oilers,1,,,,
1998-12-04,Montreal Canadiens,1,New Jersey Devils,1,OT,,,
1998-12-04,Detroit Red Wings,2,San Jose Sharks,2,OT,,,
1998-12-04,Dallas Stars,1,Vancouver Canucks,4,,,,
1998-12-04,New York Islanders,1,Washington Capitals,5,,,,
1998-12-05,Pittsburgh Penguins,1,Boston Bruins,2,,,,
1998-12-05,Phoenix Coyotes,3,Calgary Flames,2,,,,
1998-12-05,Carolina Hurricanes,3,Florida Panthers,3,OT,,,
1998-12-05,Detroit Red Wings,4,Los Angeles Kings,3,,,,
1998-12-05,Toronto Maple Leafs,4,Montreal Canadiens,3,OT,,,
1998-12-05,Buffalo Sabres,3,Nashville Predators,1,,,,
1998-12-05,New Jersey Devils,7,New York Islanders,5,,,,
1998-12-05,New York Rangers,2,Ottawa Senators,1,,,,
1998-12-05,Washington Capitals,1,Philadelphia Flyers,2,,,,
1998-12-05,Colorado Avalanche,3,St. Louis Blues,1,,,,
1998-12-06,Tampa Bay Lightning,5,Chicago Blackhawks,7,,,,
1998-12-06,Dallas Stars,6,Edmonton Oilers,2,,,,
1998-12-06,Mighty Ducks of Anaheim,2,San Jose Sharks,1,,,,
1998-12-06,Phoenix Coyotes,3,Vancouver Canucks,3,OT,,,
1998-12-07,Dallas Stars,3,Calgary Flames,2,,,,
1998-12-07,Toronto Maple Leafs,2,New York Rangers,6,,,,
1998-12-08,Chicago Blackhawks,2,Detroit Red Wings,3,,,,
1998-12-08,Philadelphia Flyers,5,New Jersey Devils,5,OT,,,
1998-12-08,Edmonton Oilers,3,Nashville Predators,3,OT,,,
1998-12-08,Colorado Avalanche,2,New York Islanders,1,,,,
1998-12-08,Buffalo Sabres,2,St. Louis Blues,2,OT,,,
1998-12-08,Ottawa Senators,4,Tampa Bay Lightning,2,,,,
1998-12-09,Edmonton Oilers,1,Chicago Blackhawks,3,,,,
1998-12-09,San Jose Sharks,3,Dallas Stars,3,OT,,,
1998-12-09,Ottawa Senators,5,Florida Panthers,6,,,,
1998-12-09,Washington Capitals,1,Los Angeles Kings,2,,,,
1998-12-09,Vancouver Canucks,4,Mighty Ducks of Anaheim,4,OT,,,
1998-12-09,Colorado Avalanche,2,New York Rangers,1,,,,
1998-12-09,Montreal Canadiens,2,Phoenix Coyotes,4,,,,
1998-12-10,Boston Bruins,3,Carolina Hurricanes,2,,,,
1998-12-10,San Jose Sharks,1,Nashville Predators,2,,,,
1998-12-10,New Jersey Devils,5,Philadelphia Flyers,4,OT,,,
1998-12-11,New York Rangers,0,Buffalo Sabres,2,,,,
1998-12-11,Toronto Maple Leafs,3,Chicago Blackhawks,2,,,,
1998-12-11,Montreal Canadiens,2,Dallas Stars,3,,,,
1998-12-11,Edmonton Oilers,2,Detroit Red Wings,3,,,,
1998-12-11,Washington Capitals,0,Mighty Ducks of Anaheim,1,,,,
1998-12-11,Calgary Flames,2,Tampa Bay Lightning,1,,,,
1998-12-12,Buffalo Sabres,4,Boston Bruins,1,,,,
1998-12-12,Detroit Red Wings,0,Carolina Hurricanes,3,,,,
1998-12-12,Calgary Flames,4,Florida Panthers,2,,,,
1998-12-12,Vancouver Canucks,0,Los Angeles Kings,3,,,,
1998-12-12,Colorado Avalanche,3,New Jersey Devils,5,,,,
1998-12-12,Montreal Canadiens,2,Nashville Predators,2,OT,,,
1998-12-12,Tampa Bay Lightning,2,New York Islanders,1,OT,,,
1998-12-12,Phoenix Coyotes,2,Ottawa Senators,0,,,,
1998-12-12,Washington Capitals,1,San Jose Sharks,2,,,,
1998-12-12,Pittsburgh Penguins,4,St. Louis Blues,3,,,,
1998-12-12,Philadelphia Flyers,3,Toronto Maple Leafs,0,,,,
1998-12-13,Dallas Stars,2,Chicago Blackhawks,2,OT,,,
1998-12-13,Los Angeles Kings,0,Mighty Ducks of Anaheim,3,,,,
1998-12-13,Edmonton Oilers,2,Philadelphia Flyers,2,OT,,,
1998-12-14,St. Louis Blues,0,Colorado Avalanche,0,OT,,,
1998-12-14,Phoenix Coyotes,2,Montreal Canadiens,2,OT,,,
1998-12-14,Calgary Flames,2,New York Rangers,5,,,,
1998-12-15,Edmonton Oilers,0,Carolina Hurricanes,3,,,,
1998-12-15,St. Louis Blues,3,Dallas Stars,7,,,,
1998-12-15,Tampa Bay Lightning,2,Pittsburgh Penguins,3,OT,,,
1998-12-15,New York Islanders,1,San Jose Sharks,0,,,,
1998-12-16,Boston Bruins,3,Detroit Red Wings,5,,,,
1998-12-16,Pittsburgh Penguins,1,Florida Panthers,4,,,,
1998-12-16,Nashville Predators,1,Mighty Ducks of Anaheim,6,,,,
1998-12-16,New York Rangers,3,New Jersey Devils,6,,,,
1998-12-16,Phoenix Coyotes,2,Toronto Maple Leafs,5,,,,
1998-12-17,Ottawa Senators,2,Boston Bruins,5,,,,
1998-12-17,Washington Capitals,3,Chicago Blackhawks,1,,,,
1998-12-17,New York Islanders,5,Los Angeles Kings,4,OT,,,
1998-12-17,Calgary Flames,3,Philadelphia Flyers,3,OT,,,
1998-12-17,Nashville Predators,1,San Jose Sharks,3,,,,
1998-12-17,Phoenix Coyotes,2,St. Louis Blues,3,,,,
1998-12-17,Colorado Avalanche,1,Vancouver Canucks,2,,,,
1998-12-18,Montreal Canadiens,2,Buffalo Sabres,4,,,,
1998-12-18,Dallas Stars,3,Detroit Red Wings,1,,,,
1998-12-18,New York Islanders,2,Mighty Ducks of Anaheim,2,OT,,,
1998-12-18,Calgary Flames,5,New Jersey Devils,2,,,,
1998-12-18,Carolina Hurricanes,1,Ottawa Senators,5,,,,
1998-12-18,Edmonton Oilers,4,Tampa Bay Lightning,1,,,,
1998-12-19,Detroit Red Wings,1,Boston Bruins,4,,,,
1998-12-19,Carolina Hurricanes,3,Buffalo Sabres,2,,,,
1998-12-19,Edmonton Oilers,1,Florida Panthers,3,,,,
1998-12-19,New Jersey Devils,1,Montreal Canadiens,1,OT,,,
1998-12-19,Chicago Blackhawks,1,Philadelphia Flyers,3,,,,
1998-12-19,Washington Capitals,0,Pittsburgh Penguins,3,,,,
1998-12-19,Colorado Avalanche,1,San Jose Sharks,2,,,,
1998-12-19,Los Angeles Kings,2,St. Louis Blues,5,,,,
1998-12-19,New York Rangers,4,Toronto Maple Leafs,7,,,,
1998-12-19,Nashville Predators,6,Vancouver Canucks,4,,,,
1998-12-20,Los Angeles Kings,4,Chicago Blackhawks,1,,,,
1998-12-20,Dallas Stars,3,Ottawa Senators,2,,,,
1998-12-20,Tampa Bay Lightning,2,Philadelphia Flyers,2,OT,,,
1998-12-20,New York Islanders,2,Phoenix Coyotes,4,,,,
1998-12-21,Tampa Bay Lightning,2,Boston Bruins,3,,,,
1998-12-21,Buffalo Sabres,4,Carolina Hurricanes,1,,,,
1998-12-21,Colorado Avalanche,4,Mighty Ducks of Anaheim,2,,,,
1998-12-21,Dallas Stars,2,Montreal Canadiens,2,OT,,,
1998-12-21,Pittsburgh Penguins,1,Toronto Maple Leafs,7,,,,
1998-12-22,Vancouver Canucks,5,Calgary Flames,3,,,,
1998-12-22,Mighty Ducks of Anaheim,1,Colorado Avalanche,0,,,,
1998-12-22,Phoenix Coyotes,6,Detroit Red Wings,2,,,,
1998-12-22,St. Louis Blues,3,New York Islanders,3,OT,,,
1998-12-22,Los Angeles Kings,3,Pittsburgh Penguins,0,,,,
1998-12-23,Philadelphia Flyers,2,Boston Bruins,1,,,,
1998-12-23,Tampa Bay Lightning,0,Buffalo Sabres,2,,,,
1998-12-23,Phoenix Coyotes,3,Chicago Blackhawks,4,,,,
1998-12-23,San Jose Sharks,5,Edmonton Oilers,3,,,,
1998-12-23,Washington Capitals,4,Florida Panthers,0,,,,
1998-12-23,St. Louis Blues,2,New Jersey Devils,4,,,,
1998-12-23,Detroit Red Wings,3,Nashville Predators,5,,,,
1998-12-23,Carolina Hurricanes,1,New York Rangers,0,,,,
1998-12-23,Montreal Canadiens,1,Ottawa Senators,3,,,,
1998-12-23,Dallas Stars,5,Toronto Maple Leafs,1,,,,
1998-12-23,Calgary Flames,2,Vancouver Canucks,5,,,,
1998-12-26,New York Rangers,6,Carolina Hurricanes,3,,,,
1998-12-26,Philadelphia Flyers,3,Chicago Blackhawks,2,,,,
1998-12-26,Dallas Stars,4,Colorado Avalanche,2,,,,
1998-12-26,Phoenix Coyotes,2,Los Angeles Kings,1,,,,
1998-12-26,Buffalo Sabres,2,New Jersey Devils,0,,,,
1998-12-26,Washington Capitals,1,Nashville Predators,3,,,,
1998-12-26,Boston Bruins,2,New York Islanders,4,,,,
1998-12-26,Ottawa Senators,1,Pittsburgh Penguins,2,OT,,,
1998-12-26,Vancouver Canucks,0,San Jose Sharks,2,,,,
1998-12-26,Detroit Red Wings,3,St. Louis Blues,4,,,,
1998-12-26,Florida Panthers,3,Tampa Bay Lightning,1,,,,
1998-12-26,Montreal Canadiens,2,Toronto Maple Leafs,1,,,,
1998-12-27,Colorado Avalanche,2,Calgary Flames,1,,,,
1998-12-27,Vancouver Canucks,0,Edmonton Oilers,3,,,,
1998-12-28,New Jersey Devils,7,Buffalo Sabres,4,,,,
1998-12-28,Nashville Predators,0,Dallas Stars,1,,,,
1998-12-28,St. Louis Blues,4,Detroit Red Wings,4,OT,,,
1998-12-28,New York Islanders,1,Florida Panthers,5,,,,
1998-12-28,Mighty Ducks of Anaheim,2,Ottawa Senators,2,OT,,,
1998-12-28,Los Angeles Kings,4,Phoenix Coyotes,2,,,,
1998-12-28,Philadelphia Flyers,1,San Jose Sharks,1,OT,,,
1998-12-28,Boston Bruins,1,Washington Capitals,5,,,,
1998-12-29,Philadelphia Flyers,4,Calgary Flames,3,OT,,,
1998-12-29,Montreal Canadiens,5,Edmonton Oilers,2,,,,
1998-12-29,New York Islanders,0,Tampa Bay Lightning,3,,,,
1998-12-29,Colorado Avalanche,4,Vancouver Canucks,2,,,,
1998-12-30,Ottawa Senators,3,Buffalo Sabres,2,OT,,,
1998-12-30,Tampa Bay Lightning,3,Carolina Hurricanes,4,,,,
1998-12-30,San Jose Sharks,1,Los Angeles Kings,5,,,,
1998-12-30,Boston Bruins,5,Nashville Predators,2,,,,
1998-12-30,New York Rangers,1,Phoenix Coyotes,3,,,,
1998-12-30,Florida Panthers,4,Pittsburgh Penguins,7,,,,
1998-12-30,Mighty Ducks of Anaheim,1,Toronto Maple Leafs,4,,,,
1998-12-30,New Jersey Devils,3,Washington Capitals,2,,,,
1998-12-31,Montreal Canadiens,2,Calgary Flames,1,,,,
1998-12-31,New York Islanders,0,Chicago Blackhawks,1,,,,
1998-12-31,New York Rangers,6,Colorado Avalanche,3,,,,
1998-12-31,Boston Bruins,1,Dallas Stars,6,,,,
1998-12-31,Toronto Maple Leafs,4,Detroit Red Wings,2,,,,
1998-12-31,Philadelphia Flyers,6,Vancouver Canucks,2,,,,
1999-01-01,Mighty Ducks of Anaheim,7,Buffalo Sabres,2,,,,
1999-01-01,Carolina Hurricanes,3,Florida Panthers,3,OT,,,
1999-01-01,St. Louis Blues,6,Nashville Predators,5,,,,
1999-01-01,Dallas Stars,2,Phoenix Coyotes,1,OT,,,
1999-01-01,Ottawa Senators,4,Washington Capitals,3,,,,
1999-01-02,Mighty Ducks of Anaheim,1,Boston Bruins,2,,,,
1999-01-02,Calgary Flames,1,Buffalo Sabres,7,,,,
1999-01-02,Nashville Predators,1,Carolina Hurricanes,4,,,,
1999-01-02,Chicago Blackhawks,2,Detroit Red Wings,5,,,,
1999-01-02,Pittsburgh Penguins,4,Florida Panthers,2,,,,
1999-01-02,Colorado Avalanche,2,Los Angeles Kings,4,,,,
1999-01-02,San Jose Sharks,4,New York Islanders,3,OT,,,
1999-01-02,New Jersey Devils,0,Ottawa Senators,6,,,,
1999-01-02,New York Rangers,1,St. Louis Blues,0,,,,
1999-01-02,Washington Capitals,5,Toronto Maple Leafs,2,,,,
1999-01-02,Montreal Canadiens,2,Vancouver Canucks,1,,,,
1999-01-03,Detroit Red Wings,3,Chicago Blackhawks,1,,,,
1999-01-03,Philadelphia Flyers,3,Edmonton Oilers,3,OT,,,
1999-01-04,Calgary Flames,1,Boston Bruins,5,,,,
1999-01-04,Ottawa Senators,4,Carolina Hurricanes,4,OT,,,
1999-01-04,Montreal Canadiens,3,Colorado Avalanche,4,,,,
1999-01-04,Mighty Ducks of Anaheim,1,Nashville Predators,2,,,,
1999-01-04,San Jose Sharks,3,New York Rangers,4,,,,
1999-01-04,Vancouver Canucks,0,St. Louis Blues,4,,,,
1999-01-04,Tampa Bay Lightning,4,Toronto Maple Leafs,5,OT,,,
1999-01-05,Los Angeles Kings,4,Edmonton Oilers,3,OT,,,
1999-01-05,San Jose Sharks,3,New Jersey Devils,3,OT,,,
1999-01-05,Chicago Blackhawks,1,New York Islanders,1,OT,,,
1999-01-05,Florida Panthers,2,Phoenix Coyotes,2,OT,,,
1999-01-05,Calgary Flames,1,Pittsburgh Penguins,5,,,,
1999-01-06,Florida Panthers,2,Colorado Avalanche,2,OT,,,
1999-01-06,Vancouver Canucks,4,Dallas Stars,6,,,,
1999-01-06,Ottawa Senators,2,Detroit Red Wings,0,,,,
1999-01-06,Buffalo Sabres,3,Mighty Ducks of Anaheim,2,OT,,,
1999-01-06,New Jersey Devils,5,New York Rangers,2,,,,
1999-01-07,Toronto Maple Leafs,1,Boston Bruins,2,,,,
1999-01-07,Buffalo Sabres,2,Los Angeles Kings,4,,,,
1999-01-07,Tampa Bay Lightning,1,Montreal Canadiens,4,,,,
1999-01-07,San Jose Sharks,4,Nashville Predators,3,,,,
1999-01-07,New York Islanders,0,Philadelphia Flyers,5,,,,
1999-01-07,Edmonton Oilers,7,Phoenix Coyotes,1,,,,
1999-01-07,Carolina Hurricanes,2,Pittsburgh Penguins,4,,,,
1999-01-07,Chicago Blackhawks,2,St. Louis Blues,4,,,,
1999-01-07,New York Rangers,1,Washington Capitals,5,,,,
1999-01-08,Dallas Stars,0,Calgary Flames,1,,,,
1999-01-08,Phoenix Coyotes,1,Mighty Ducks of Anaheim,4,,,,
1999-01-08,Tampa Bay Lightning,1,Ottawa Senators,5,,,,
1999-01-08,Florida Panthers,1,Vancouver Canucks,1,OT,,,
1999-01-09,Colorado Avalanche,2,Detroit Red Wings,3,,,,
1999-01-09,Edmonton Oilers,1,Los Angeles Kings,1,OT,,,
1999-01-09,New York Islanders,2,Montreal Canadiens,3,,,,
1999-01-09,Washington Capitals,3,New Jersey Devils,2,,,,
1999-01-09,Chicago Blackhawks,3,Nashville Predators,3,OT,,,
1999-01-09,Carolina Hurricanes,0,Philadelphia Flyers,2,,,,
1999-01-09,St. Louis Blues,1,Pittsburgh Penguins,2,,,,
1999-01-09,Buffalo Sabres,2,San Jose Sharks,2,OT,,,
1999-01-09,Boston Bruins,3,Toronto Maple Leafs,6,,,,
1999-01-10,Florida Panthers,2,Calgary Flames,1,,,,
1999-01-10,Colorado Avalanche,3,Chicago Blackhawks,2,OT,,,
1999-01-10,Edmonton Oilers,4,Mighty Ducks of Anaheim,6,,,,
1999-01-10,Tampa Bay Lightning,2,New York Rangers,5,,,,
1999-01-10,Detroit Red Wings,1,Ottawa Senators,4,,,,
1999-01-10,Dallas Stars,0,Vancouver Canucks,2,,,,
1999-01-11,St. Louis Blues,1,Montreal Canadiens,3,,,,
1999-01-11,Ottawa Senators,4,New Jersey Devils,2,,,,
1999-01-11,Nashville Predators,0,Philadelphia Flyers,8,,,,
1999-01-11,Buffalo Sabres,0,Phoenix Coyotes,1,,,,
1999-01-11,Los Angeles Kings,0,San Jose Sharks,4,,,,
1999-01-11,New York Islanders,3,Washington Capitals,4,,,,
1999-01-12,Chicago Blackhawks,1,Colorado Avalanche,4,,,,
1999-01-12,Montreal Canadiens,1,Detroit Red Wings,5,,,,
1999-01-12,Dallas Stars,2,Edmonton Oilers,2,OT,,,
1999-01-12,Toronto Maple Leafs,4,Tampa Bay Lightning,3,,,,
1999-01-13,St. Louis Blues,4,Buffalo Sabres,2,,,,
1999-01-13,Toronto Maple Leafs,3,Florida Panthers,3,OT,,,
1999-01-13,Calgary Flames,2,Mighty Ducks of Anaheim,1,,,,
1999-01-13,New York Islanders,3,New York Rangers,4,OT,,,
1999-01-13,Pittsburgh Penguins,3,Phoenix Coyotes,5,,,,
1999-01-13,Dallas Stars,2,San Jose Sharks,1,,,,
1999-01-13,Philadelphia Flyers,3,Washington Capitals,0,,,,
1999-01-14,Florida Panthers,2,Carolina Hurricanes,3,,,,
1999-01-14,Nashville Predators,1,Detroit Red Wings,2,OT,,,
1999-01-14,Calgary Flames,0,Los Angeles Kings,3,,,,
1999-01-14,New Jersey Devils,2,Ottawa Senators,3,,,,
1999-01-14,Edmonton Oilers,3,Vancouver Canucks,1,,,,
1999-01-15,Boston Bruins,1,Buffalo Sabres,2,,,,
1999-01-15,Dallas Stars,3,Mighty Ducks of Anaheim,1,,,,
1999-01-15,Tampa Bay Lightning,1,New Jersey Devils,3,,,,
1999-01-15,Phoenix Coyotes,0,Nashville Predators,2,,,,
1999-01-15,Chicago Blackhawks,3,New York Rangers,1,,,,
1999-01-15,Pittsburgh Penguins,2,San Jose Sharks,3,,,,
1999-01-15,Montreal Canadiens,3,Washington Capitals,0,,,,
1999-01-16,Tampa Bay Lightning,2,Boston Bruins,2,OT,,,
1999-01-16,Washington Capitals,3,Carolina Hurricanes,2,OT,,,
1999-01-16,St. Louis Blues,0,Colorado Avalanche,2,,,,
1999-01-16,New York Islanders,0,Florida Panthers,1,,,,
1999-01-16,Pittsburgh Penguins,5,Los Angeles Kings,1,,,,
1999-01-16,New York Rangers,0,Montreal Canadiens,3,,,,
1999-01-16,Buffalo Sabres,1,Ottawa Senators,1,OT,,,
1999-01-16,Toronto Maple Leafs,4,Philadelphia Flyers,3,,,,
1999-01-16,Calgary Flames,3,San Jose Sharks,3,OT,,,
1999-01-16,Detroit Red Wings,2,Vancouver Canucks,2,OT,,,
1999-01-17,Phoenix Coyotes,1,Chicago Blackhawks,1,OT,,,
1999-01-17,Detroit Red Wings,1,Edmonton Oilers,4,,,,
1999-01-18,Nashville Predators,1,Boston Bruins,8,,,,
1999-01-18,Toronto Maple Leafs,2,Carolina Hurricanes,4,,,,
1999-01-18,Vancouver Canucks,5,Dallas Stars,3,,,,
1999-01-18,Buffalo Sabres,4,Florida Panthers,0,,,,
1999-01-18,Pittsburgh Penguins,3,Mighty Ducks of Anaheim,5,,,,
1999-01-18,Washington Capitals,4,Montreal Canadiens,4,OT,,,
1999-01-18,Philadelphia Flyers,5,Ottawa Senators,0,,,,
1999-01-18,New Jersey Devils,1,San Jose Sharks,3,,,,
1999-01-19,Detroit Red Wings,1,Calgary Flames,3,,,,
1999-01-19,Colorado Avalanche,5,Los Angeles Kings,4,,,,
1999-01-19,Vancouver Canucks,1,Nashville Predators,4,,,,
1999-01-19,Ottawa Senators,2,New York Rangers,1,,,,
1999-01-19,St. Louis Blues,2,Phoenix Coyotes,4,,,,
1999-01-19,Buffalo Sabres,1,Tampa Bay Lightning,2,,,,
1999-01-20,Toronto Maple Leafs,6,Dallas Stars,4,,,,
1999-01-20,New Jersey Devils,4,Mighty Ducks of Anaheim,3,,,,
1999-01-20,Florida Panthers,5,New York Islanders,2,,,,
1999-01-21,Ottawa Senators,3,Boston Bruins,1,,,,
1999-01-21,Montreal Canadiens,0,Chicago Blackhawks,3,,,,
1999-01-21,Calgary Flames,2,Colorado Avalanche,4,,,,
1999-01-21,Carolina Hurricanes,1,Detroit Red Wings,4,,,,
1999-01-21,New Jersey Devils,3,Los Angeles Kings,2,,,,
1999-01-21,Tampa Bay Lightning,3,Nashville Predators,2,,,,
1999-01-21,Florida Panthers,2,New York Rangers,1,,,,
1999-01-21,Washington Capitals,1,Philadelphia Flyers,4,,,,
1999-01-21,Mighty Ducks of Anaheim,3,Phoenix Coyotes,3,OT,,,
1999-01-21,New York Islanders,5,Pittsburgh Penguins,2,,,,
1999-01-21,Edmonton Oilers,3,San Jose Sharks,3,OT,,,
1999-01-21,Toronto Maple Leafs,4,St. Louis Blues,2,,,,
1999-01-26,Phoenix Coyotes,1,Buffalo Sabres,1,OT,,,
1999-01-26,Ottawa Senators,1,New Jersey Devils,4,,,,
1999-01-26,Detroit Red Wings,4,Nashville Predators,1,,,,
1999-01-26,Boston Bruins,1,New York Islanders,4,,,,
1999-01-26,Florida Panthers,3,Philadelphia Flyers,3,OT,,,
1999-01-26,Carolina Hurricanes,5,Pittsburgh Penguins,3,,,,
1999-01-26,St. Louis Blues,3,San Jose Sharks,0,,,,
1999-01-26,Montreal Canadiens,2,Tampa Bay Lightning,1,,,,
1999-01-26,New York Rangers,4,Washington Capitals,1,,,,
1999-01-27,Los Angeles Kings,2,Dallas Stars,3,,,,
1999-01-27,Chicago Blackhawks,4,Edmonton Oilers,3,OT,,,
1999-01-27,Montreal Canadiens,1,Florida Panthers,2,,,,
1999-01-27,Colorado Avalanche,4,Mighty Ducks of Anaheim,3,,,,
1999-01-28,New Jersey Devils,2,Boston Bruins,0,,,,
1999-01-28,Nashville Predators,4,Buffalo Sabres,2,,,,
1999-01-28,New York Rangers,2,Carolina Hurricanes,3,OT,,,
1999-01-28,Chicago Blackhawks,6,Calgary Flames,6,OT,,,
1999-01-28,Mighty Ducks of Anaheim,2,Colorado Avalanche,6,,,,
1999-01-28,Phoenix Coyotes,2,Philadelphia Flyers,4,,,,
1999-01-28,Toronto Maple Leafs,0,Pittsburgh Penguins,6,,,,
1999-01-28,St. Louis Blues,4,Vancouver Canucks,2,,,,
1999-01-29,Phoenix Coyotes,4,New York Islanders,4,OT,,,
1999-01-29,Dallas Stars,4,Tampa Bay Lightning,1,,,,
1999-01-29,Los Angeles Kings,6,Washington Capitals,3,,,,
1999-01-30,Los Angeles Kings,1,Buffalo Sabres,4,,,,
1999-01-30,St. Louis Blues,3,Calgary Flames,4,,,,
1999-01-30,San Jose Sharks,0,Colorado Avalanche,5,,,,
1999-01-30,New York Rangers,3,Detroit Red Wings,2,,,,
1999-01-30,Mighty Ducks of Anaheim,0,Edmonton Oilers,1,,,,
1999-01-30,Dallas Stars,5,Florida Panthers,2,,,,
1999-01-30,Carolina Hurricanes,3,Montreal Canadiens,1,,,,
1999-01-30,Nashville Predators,3,New Jersey Devils,2,OT,,,
1999-01-30,New York Islanders,2,Ottawa Senators,9,,,,
1999-01-30,Tampa Bay Lightning,2,Philadelphia Flyers,6,,,,
1999-01-30,Boston Bruins,2,Pittsburgh Penguins,5,,,,
1999-01-30,Washington Capitals,3,Toronto Maple Leafs,5,,,,
1999-01-30,Chicago Blackhawks,2,Vancouver Canucks,3,,,,
1999-01-31,Carolina Hurricanes,0,Boston Bruins,0,OT,,,
1999-01-31,Pittsburgh Penguins,5,Montreal Canadiens,3,,,,
1999-01-31,Phoenix Coyotes,5,Nashville Predators,1,,,,
1999-02-01,Calgary Flames,2,Dallas Stars,2,OT,,,
1999-02-01,St. Louis Blues,4,Edmonton Oilers,3,OT,,,
1999-02-01,Detroit Red Wings,2,New Jersey Devils,2,OT,,,
1999-02-01,Washington Capitals,3,New York Rangers,1,,,,
1999-02-01,Los Angeles Kings,2,Philadelphia Flyers,4,,,,
1999-02-01,Chicago Blackhawks,1,San Jose Sharks,5,,,,
1999-02-01,Ottawa Senators,1,Vancouver Canucks,0,,,,
1999-02-02,Colorado Avalanche,3,Boston Bruins,2,,,,
1999-02-02,Calgary Flames,2,Phoenix Coyotes,2,OT,,,
1999-02-02,Buffalo Sabres,3,Pittsburgh Penguins,5,,,,
1999-02-02,Toronto Maple Leafs,3,Tampa Bay Lightning,0,,,,
1999-02-03,Colorado Avalanche,5,Buffalo Sabres,3,,,,
1999-02-03,New Jersey Devils,4,Carolina Hurricanes,1,,,,
1999-02-03,New York Islanders,1,Detroit Red Wings,5,,,,
1999-02-03,Ottawa Senators,2,Edmonton Oilers,2,OT,,,
1999-02-03,Toronto Maple Leafs,2,Florida Panthers,5,,,,
1999-02-03,Chicago Blackhawks,0,Mighty Ducks of Anaheim,3,,,,
1999-02-03,Vancouver Canucks,1,Montreal Canadiens,2,,,,
1999-02-03,Tampa Bay Lightning,1,Washington Capitals,10,,,,
1999-02-04,New York Islanders,5,Boston Bruins,4,,,,
1999-02-04,Nashville Predators,2,Calgary Flames,2,OT,,,
1999-02-04,Chicago Blackhawks,2,Los Angeles Kings,3,,,,
1999-02-04,Vancouver Canucks,4,New York Rangers,8,,,,
1999-02-04,Montreal Canadiens,2,Philadelphia Flyers,5,,,,
1999-02-04,San Jose Sharks,1,Phoenix Coyotes,3,,,,
1999-02-04,New Jersey Devils,2,St. Louis Blues,0,,,,
1999-02-05,Colorado Avalanche,3,Detroit Red Wings,1,,,,
1999-02-05,Nashville Predators,2,Edmonton Oilers,4,,,,
1999-02-05,Florida Panthers,0,Pittsburgh Penguins,3,,,,
1999-02-05,Mighty Ducks of Anaheim,5,Tampa Bay Lightning,3,,,,
1999-02-05,Carolina Hurricanes,1,Washington Capitals,4,,,,
1999-02-06,Florida Panthers,3,Carolina Hurricanes,3,OT,,,
1999-02-06,Ottawa Senators,2,Calgary Flames,1,,,,
1999-02-06,San Jose Sharks,0,Los Angeles Kings,2,,,,
1999-02-06,Buffalo Sabres,2,Montreal Canadiens,3,,,,
1999-02-06,Toronto Maple Leafs,3,New Jersey Devils,2,,,,
1999-02-06,Boston Bruins,2,Philadelphia Flyers,2,OT,,,
1999-02-06,Chicago Blackhawks,0,Phoenix Coyotes,3,,,,
1999-02-06,Mighty Ducks of Anaheim,4,St. Louis Blues,3,,,,
1999-02-07,New York Rangers,2,Boston Bruins,3,,,,
1999-02-07,Colorado Avalanche,3,Dallas Stars,0,,,,
1999-02-07,Vancouver Canucks,3,New York Islanders,3,OT,,,
1999-02-07,Detroit Red Wings,1,Pittsburgh Penguins,2,,,,
1999-02-07,Buffalo Sabres,1,Washington Capitals,3,,,,
1999-02-08,Edmonton Oilers,1,Calgary Flames,2,,,,
1999-02-08,St. Louis Blues,5,Florida Panthers,4,,,,
1999-02-08,San Jose Sharks,3,Phoenix Coyotes,0,,,,
1999-02-09,Calgary Flames,2,Colorado Avalanche,1,,,,
1999-02-09,Boston Bruins,2,Edmonton Oilers,0,,,,
1999-02-09,Vancouver Canucks,4,New Jersey Devils,3,,,,
1999-02-09,Detroit Red Wings,5,Nashville Predators,2,,,,
1999-02-09,Washington Capitals,2,New York Islanders,1,,,,
1999-02-09,Buffalo Sabres,1,Ottawa Senators,1,OT,,,
1999-02-09,Montreal Canadiens,2,Pittsburgh Penguins,3,OT,,,
1999-02-10,San Jose Sharks,5,Chicago Blackhawks,2,,,,
1999-02-10,Philadelphia Flyers,4,Mighty Ducks of Anaheim,5,,,,
1999-02-10,Los Angeles Kings,0,Phoenix Coyotes,3,,,,
1999-02-10,St. Louis Blues,5,Tampa Bay Lightning,4,,,,
1999-02-10,Carolina Hurricanes,6,Toronto Maple Leafs,5,,,,
1999-02-11,Montreal Canadiens,2,Buffalo Sabres,5,,,,
1999-02-11,Edmonton Oilers,2,Detroit Red Wings,4,,,,
1999-02-11,Philadelphia Flyers,3,Los Angeles Kings,4,,,,
1999-02-11,Florida Panthers,3,Ottawa Senators,1,,,,
1999-02-11,Vancouver Canucks,5,Pittsburgh Penguins,6,OT,,,
1999-02-11,San Jose Sharks,5,St. Louis Blues,1,,,,
1999-02-12,Boston Bruins,3,Calgary Flames,4,,,,
1999-02-12,Detroit Red Wings,2,Chicago Blackhawks,1,,,,
1999-02-12,Dallas Stars,3,Mighty Ducks of Anaheim,2,,,,
1999-02-12,Washington Capitals,3,New Jersey Devils,2,,,,
1999-02-12,Nashville Predators,2,New York Islanders,1,,,,
1999-02-12,Carolina Hurricanes,3,New York Rangers,1,,,,
1999-02-13,New York Islanders,2,Buffalo Sabres,2,OT,,,
1999-02-13,Phoenix Coyotes,4,Colorado Avalanche,1,,,,
1999-02-13,Dallas Stars,3,Los Angeles Kings,2,,,,
1999-02-13,Florida Panthers,0,Montreal Canadiens,4,,,,
1999-02-13,Carolina Hurricanes,4,New Jersey Devils,6,,,,
1999-02-13,Pittsburgh Penguins,3,Nashville Predators,2,OT,,,
1999-02-13,Washington Capitals,1,Ottawa Senators,2,,,,
1999-02-13,Edmonton Oilers,3,St. Louis Blues,2,,,,
1999-02-13,San Jose Sharks,3,Tampa Bay Lightning,1,,,,
1999-02-13,Chicago Blackhawks,6,Toronto Maple Leafs,2,,,,
1999-02-13,Boston Bruins,1,Vancouver Canucks,3,,,,
1999-02-14,Philadelphia Flyers,4,Colorado Avalanche,4,OT,,,
1999-02-14,Detroit Red Wings,4,New York Rangers,2,,,,
1999-02-14,Mighty Ducks of Anaheim,5,Phoenix Coyotes,1,,,,
1999-02-15,Carolina Hurricanes,2,Buffalo Sabres,3,,,,
1999-02-15,Edmonton Oilers,1,Dallas Stars,4,,,,
1999-02-15,San Jose Sharks,2,Florida Panthers,2,OT,,,
1999-02-15,Mighty Ducks of Anaheim,3,Los Angeles Kings,1,,,,
1999-02-15,Toronto Maple Leafs,3,New Jersey Devils,3,OT,,,
1999-02-15,New York Rangers,7,Nashville Predators,4,,,,
1999-02-15,Tampa Bay Lightning,3,New York Islanders,3,OT,,,
1999-02-15,Chicago Blackhawks,2,Ottawa Senators,6,,,,
1999-02-15,Washington Capitals,3,Pittsburgh Penguins,7,,,,
1999-02-15,Vancouver Canucks,1,St. Louis Blues,8,,,,
1999-02-16,Philadelphia Flyers,4,Phoenix Coyotes,1,,,,
1999-02-17,Toronto Maple Leafs,3,Buffalo Sabres,2,OT,,,
1999-02-17,Vancouver Canucks,0,Chicago Blackhawks,4,,,,
1999-02-17,Florida Panthers,1,Dallas Stars,2,,,,
1999-02-17,San Jose Sharks,1,Detroit Red Wings,3,,,,
1999-02-17,Edmonton Oilers,6,Mighty Ducks of Anaheim,2,,,,
1999-02-17,Tampa Bay Lightning,1,New Jersey Devils,7,,,,
1999-02-17,Pittsburgh Penguins,1,New York Islanders,3,,,,
1999-02-17,Montreal Canadiens,6,New York Rangers,3,,,,
1999-02-18,Washington Capitals,2,Carolina Hurricanes,2,OT,,,
1999-02-18,Edmonton Oilers,2,Los Angeles Kings,3,,,,
1999-02-18,Boston Bruins,0,Ottawa Senators,2,,,,
1999-02-18,Montreal Canadiens,3,Philadelphia Flyers,1,,,,
1999-02-18,Florida Panthers,0,St. Louis Blues,0,OT,,,
1999-02-19,San Jose Sharks,2,Buffalo Sabres,4,,,,
1999-02-19,Mighty Ducks of Anaheim,3,Calgary Flames,6,,,,
1999-02-19,Chicago Blackhawks,1,Dallas Stars,5,,,,
1999-02-19,New Jersey Devils,1,Detroit Red Wings,3,,,,
1999-02-19,Colorado Avalanche,4,Nashville Predators,4,OT,,,
1999-02-19,Pittsburgh Penguins,1,New York Rangers,6,,,,
1999-02-19,Phoenix Coyotes,2,Tampa Bay Lightning,4,,,,
1999-02-20,Los Angeles Kings,2,Calgary Flames,2,OT,,,
1999-02-20,Phoenix Coyotes,1,Florida Panthers,7,,,,
1999-02-20,New York Islanders,3,New Jersey Devils,2,,,,
1999-02-20,Philadelphia Flyers,1,Ottawa Senators,4,,,,
1999-02-20,Nashville Predators,4,St. Louis Blues,3,,,,
1999-02-20,Carolina Hurricanes,3,Tampa Bay Lightning,2,,,,
1999-02-20,Montreal Canadiens,2,Toronto Maple Leafs,3,OT,,,"at (Toronto, ON)"
1999-02-20,Mighty Ducks of Anaheim,5,Vancouver Canucks,1,,,,
1999-02-20,San Jose Sharks,1,Washington Capitals,3,,,,
1999-02-21,Detroit Red Wings,4,Buffalo Sabres,4,OT,,,
1999-02-21,New York Islanders,1,Carolina Hurricanes,4,,,,
1999-02-21,Boston Bruins,6,Chicago Blackhawks,3,,,,
1999-02-21,Colorado Avalanche,1,Dallas Stars,1,OT,,,
1999-02-21,New York Rangers,2,Edmonton Oilers,1,OT,,,
1999-02-21,Pittsburgh Penguins,1,Philadelphia Flyers,2,,,,
1999-02-22,New York Rangers,2,Calgary Flames,6,,,,
1999-02-22,Phoenix Coyotes,1,Pittsburgh Penguins,4,,,,
1999-02-22,Los Angeles Kings,1,St. Louis Blues,5,,,,
1999-02-22,New Jersey Devils,3,Tampa Bay Lightning,2,,,,
1999-02-22,Toronto Maple Leafs,3,Washington Capitals,4,,,,
1999-02-23,Ottawa Senators,2,Boston Bruins,5,,,,
1999-02-23,Vancouver Canucks,4,Colorado Avalanche,4,OT,,,
1999-02-23,Dallas Stars,4,Nashville Predators,3,,,,
1999-02-24,Buffalo Sabres,2,Calgary Flames,2,OT,,,
1999-02-24,Nashville Predators,2,Dallas Stars,1,,,,
1999-02-24,Los Angeles Kings,3,Detroit Red Wings,2,OT,,,
1999-02-24,Mighty Ducks of Anaheim,2,Edmonton Oilers,1,,,,
1999-02-24,Philadelphia Flyers,3,Florida Panthers,5,,,,
1999-02-24,Vancouver Canucks,1,San Jose Sharks,1,OT,,,
1999-02-24,Chicago Blackhawks,3,St. Louis Blues,1,,,,
1999-02-24,Carolina Hurricanes,2,Toronto Maple Leafs,2,OT,,,"at (Toronto, ON)"
1999-02-24,Phoenix Coyotes,2,Washington Capitals,1,,,,
1999-02-25,New Jersey Devils,3,Boston Bruins,3,OT,,,
1999-02-25,Pittsburgh Penguins,3,Colorado Avalanche,2,,,,
1999-02-25,Toronto Maple Leafs,4,New York Islanders,1,,,,
1999-02-25,Montreal Canadiens,1,Ottawa Senators,3,,,,
1999-02-26,St. Louis Blues,4,Calgary Flames,2,,,,
1999-02-26,Los Angeles Kings,2,Chicago Blackhawks,1,,,,
1999-02-26,Pittsburgh Penguins,4,Dallas Stars,6,,,,
1999-02-26,Florida Panthers,5,Detroit Red Wings,5,OT,,,
1999-02-26,Buffalo Sabres,3,Edmonton Oilers,6,,,,
1999-02-26,San Jose Sharks,1,Mighty Ducks of Anaheim,3,,,,
1999-02-26,Phoenix Coyotes,0,New York Rangers,3,,,,
1999-02-26,Philadelphia Flyers,1,Tampa Bay Lightning,4,,,,
1999-02-26,Carolina Hurricanes,0,Vancouver Canucks,1,,,,
1999-02-27,Washington Capitals,3,Boston Bruins,4,,,,
1999-02-27,Nashville Predators,1,Colorado Avalanche,3,,,,
1999-02-27,Carolina Hurricanes,2,Edmonton Oilers,2,OT,,,
1999-02-27,Ottawa Senators,1,Montreal Canadiens,4,,,,
1999-02-27,Detroit Red Wings,1,New York Islanders,3,,,,
1999-02-27,Mighty Ducks of Anaheim,4,San Jose Sharks,1,,,,
1999-02-27,Florida Panthers,1,Toronto Maple Leafs,4,,,,"at (Toronto, ON)"
1999-02-28,St. Louis Blues,3,Chicago Blackhawks,1,,,,
1999-02-28,Los Angeles Kings,0,Dallas Stars,1,,,,
1999-02-28,Phoenix Coyotes,1,New Jersey Devils,4,,,,
1999-02-28,Philadelphia Flyers,5,New York Rangers,6,,,,
1999-02-28,Buffalo Sabres,2,Vancouver Canucks,0,,,,
1999-02-28,Pittsburgh Penguins,3,Washington Capitals,4,,,,
1999-03-01,San Jose Sharks,2,Calgary Flames,1,,,,
1999-03-01,Edmonton Oilers,4,Colorado Avalanche,3,,,,
1999-03-02,Phoenix Coyotes,2,Boston Bruins,3,,,,
1999-03-02,Philadelphia Flyers,1,Montreal Canadiens,4,,,,
1999-03-02,St. Louis Blues,5,Nashville Predators,1,,,,
1999-03-02,Ottawa Senators,4,New York Islanders,2,,,,
1999-03-02,Dallas Stars,2,New York Rangers,2,OT,,,
1999-03-02,Washington Capitals,8,Tampa Bay Lightning,2,,,,
1999-03-03,Edmonton Oilers,5,Buffalo Sabres,3,,,,
1999-03-03,Boston Bruins,1,Carolina Hurricanes,2,,,,
1999-03-03,Colorado Avalanche,7,Florida Panthers,5,,,,
1999-03-03,Los Angeles Kings,1,Mighty Ducks of Anaheim,2,,,,
1999-03-03,Montreal Canadiens,4,Pittsburgh Penguins,4,OT,,,
1999-03-03,New Jersey Devils,5,Toronto Maple Leafs,2,,,,"at (Toronto, ON)"
1999-03-03,San Jose Sharks,4,Vancouver Canucks,3,,,,
1999-03-04,Nashville Predators,4,Los Angeles Kings,3,,,,
1999-03-04,Dallas Stars,3,New York Islanders,2,OT,,,
1999-03-04,Ottawa Senators,5,Philadelphia Flyers,0,,,,
1999-03-04,Toronto Maple Leafs,4,St. Louis Blues,0,,,,
1999-03-04,Colorado Avalanche,1,Tampa Bay Lightning,2,,,,
1999-03-04,New York Rangers,4,Washington Capitals,2,,,,
1999-03-05,Dallas Stars,1,Buffalo Sabres,2,,,,
1999-03-05,Nashville Predators,2,Mighty Ducks of Anaheim,3,,,,
1999-03-05,Boston Bruins,4,New Jersey Devils,1,,,,
1999-03-05,Detroit Red Wings,7,Phoenix Coyotes,2,,,,
1999-03-05,Edmonton Oilers,2,Pittsburgh Penguins,2,OT,,,
1999-03-05,Calgary Flames,5,Vancouver Canucks,1,,,,
1999-03-06,Carolina Hurricanes,2,Florida Panthers,2,OT,,,
1999-03-06,Calgary Flames,4,Los Angeles Kings,1,,,,
1999-03-06,Tampa Bay Lightning,6,Montreal Canadiens,1,,,,
1999-03-06,Toronto Maple Leafs,1,Ottawa Senators,3,,,,
1999-03-06,New York Islanders,3,Philadelphia Flyers,3,OT,,,
1999-03-06,Chicago Blackhawks,4,San Jose Sharks,0,,,,
1999-03-06,Edmonton Oilers,3,Washington Capitals,4,,,,
1999-03-07,New York Rangers,3,Boston Bruins,1,,,,
1999-03-07,Philadelphia Flyers,1,Buffalo Sabres,1,OT,,,
1999-03-07,St. Louis Blues,3,Dallas Stars,4,,,,
1999-03-07,Detroit Red Wings,1,Mighty Ducks of Anaheim,3,,,,
1999-03-07,New Jersey Devils,4,New York Islanders,2,,,,
1999-03-07,Nashville Predators,3,Phoenix Coyotes,4,,,,
1999-03-07,Colorado Avalanche,3,Pittsburgh Penguins,1,,,,
1999-03-07,Chicago Blackhawks,2,Vancouver Canucks,2,OT,,,
1999-03-08,Buffalo Sabres,1,Carolina Hurricanes,4,,,,
1999-03-08,Florida Panthers,5,Montreal Canadiens,2,,,,
1999-03-08,Toronto Maple Leafs,2,New York Rangers,3,OT,,,
1999-03-08,Tampa Bay Lightning,3,Ottawa Senators,9,,,,
1999-03-09,Florida Panthers,0,Boston Bruins,2,,,,
1999-03-09,Detroit Red Wings,2,Los Angeles Kings,4,,,,
1999-03-09,Philadelphia Flyers,2,New York Islanders,2,OT,,,
1999-03-09,New Jersey Devils,3,Pittsburgh Penguins,2,,,,
1999-03-09,Phoenix Coyotes,2,San Jose Sharks,4,,,,
1999-03-09,Calgary Flames,7,St. Louis Blues,4,,,,
1999-03-09,Tampa Bay Lightning,1,Toronto Maple Leafs,6,,,,"at (Toronto, ON)"
1999-03-09,Colorado Avalanche,3,Washington Capitals,2,OT,,,
1999-03-10,Pittsburgh Penguins,3,Carolina Hurricanes,2,OT,,,
1999-03-10,Nashville Predators,2,Chicago Blackhawks,5,,,,
1999-03-10,Edmonton Oilers,4,Dallas Stars,7,,,,
1999-03-10,Vancouver Canucks,4,Mighty Ducks of Anaheim,4,OT,,,
1999-03-10,Ottawa Senators,3,New York Rangers,0,,,,
1999-03-11,Tampa Bay Lightning,5,Buffalo Sabres,2,,,,
1999-03-11,Toronto Maple Leafs,2,New York Islanders,1,,,,
1999-03-11,Colorado Avalanche,5,Philadelphia Flyers,3,,,,
1999-03-11,Vancouver Canucks,3,Phoenix Coyotes,0,,,,
1999-03-11,Montreal Canadiens,3,St. Louis Blues,0,,,,
1999-03-11,Florida Panthers,2,Washington Capitals,1,,,,
1999-03-12,Calgary Flames,1,Carolina Hurricanes,2,,,,
1999-03-12,Mighty Ducks of Anaheim,0,Dallas Stars,4,,,,
1999-03-12,Chicago Blackhawks,3,Nashville Predators,5,,,,
1999-03-12,Boston Bruins,5,New York Rangers,4,,,,
1999-03-12,Detroit Red Wings,0,San Jose Sharks,2,,,,
1999-03-13,Boston Bruins,1,Buffalo Sabres,3,,,,
1999-03-13,Tampa Bay Lightning,0,Florida Panthers,1,,,,
1999-03-13,Vancouver Canucks,1,Los Angeles Kings,3,,,,
1999-03-13,Toronto Maple Leafs,1,Montreal Canadiens,2,,,,
1999-03-13,Mighty Ducks of Anaheim,0,Phoenix Coyotes,1,,,,
1999-03-13,Philadelphia Flyers,0,Pittsburgh Penguins,4,,,,
1999-03-13,Ottawa Senators,2,San Jose Sharks,3,,,,
1999-03-13,Edmonton Oilers,4,St. Louis Blues,6,,,,
1999-03-13,Calgary Flames,5,Washington Capitals,4,OT,,,
1999-03-14,St. Louis Blues,5,Chicago Blackhawks,2,,,,
1999-03-14,Detroit Red Wings,3,Colorado Avalanche,1,,,,
1999-03-14,Edmonton Oilers,1,Nashville Predators,3,,,,
1999-03-14,New York Rangers,3,New York Islanders,2,OT,,,
1999-03-14,Dallas Stars,1,Philadelphia Flyers,1,OT,,,
1999-03-15,New York Islanders,1,Buffalo Sabres,2,,,,
1999-03-15,Ottawa Senators,0,Los Angeles Kings,4,,,,
1999-03-15,Washington Capitals,1,New York Rangers,1,OT,,,
1999-03-15,Carolina Hurricanes,5,Phoenix Coyotes,5,OT,,,
1999-03-15,New Jersey Devils,2,Vancouver Canucks,1,,,,
1999-03-16,Calgary Flames,4,Nashville Predators,2,,,,
1999-03-16,Dallas Stars,2,Pittsburgh Penguins,2,OT,,,
1999-03-16,Philadelphia Flyers,2,St. Louis Blues,5,,,,
1999-03-17,Calgary Flames,1,Chicago Blackhawks,3,,,,
1999-03-17,Phoenix Coyotes,4,Detroit Red Wings,3,,,,
1999-03-17,New Jersey Devils,4,Edmonton Oilers,1,,,,
1999-03-17,Ottawa Senators,2,Mighty Ducks of Anaheim,2,OT,,,
1999-03-17,Florida Panthers,2,San Jose Sharks,4,,,,
1999-03-17,Pittsburgh Penguins,2,Tampa Bay Lightning,0,,,,
1999-03-17,Boston Bruins,4,Toronto Maple Leafs,1,,,,"at (Toronto, ON)"
1999-03-17,Dallas Stars,1,Washington Capitals,2,OT,,,
1999-03-18,Carolina Hurricanes,2,Colorado Avalanche,3,,,,
1999-03-18,Mighty Ducks of Anaheim,4,Los Angeles Kings,2,,,,
1999-03-18,Nashville Predators,2,Montreal Canadiens,3,,,,
1999-03-18,Phoenix Coyotes,2,St. Louis Blues,2,OT,,,
1999-03-19,Ottawa Senators,2,Dallas Stars,1,,,,
1999-03-19,Buffalo Sabres,3,New York Rangers,2,OT,,,
1999-03-19,Detroit Red Wings,5,Tampa Bay Lightning,3,,,,
1999-03-19,New York Islanders,3,Vancouver Canucks,1,,,,
1999-03-20,San Jose Sharks,2,Boston Bruins,2,OT,,,
1999-03-20,Chicago Blackhawks,5,Colorado Avalanche,5,OT,,,
1999-03-20,Vancouver Canucks,3,Edmonton Oilers,4,,,,
1999-03-20,Florida Panthers,3,Los Angeles Kings,4,,,,
1999-03-20,Washington Capitals,1,Montreal Canadiens,0,,,,
1999-03-20,Nashville Predators,1,Pittsburgh Penguins,1,OT,,,
1999-03-20,Ottawa Senators,3,St. Louis Blues,2,,,,
1999-03-20,New Jersey Devils,1,Toronto Maple Leafs,3,,,,"at (Toronto, ON)"
1999-03-21,New York Islanders,1,Calgary Flames,2,,,,
1999-03-21,Colorado Avalanche,3,Chicago Blackhawks,4,,,,
1999-03-21,Carolina Hurricanes,2,Dallas Stars,3,OT,,,
1999-03-21,Florida Panthers,5,Mighty Ducks of Anaheim,2,,,,
1999-03-21,Pittsburgh Penguins,2,New York Rangers,2,OT,,,
1999-03-21,Detroit Red Wings,4,Philadelphia Flyers,5,,,,
1999-03-21,Los Angeles Kings,1,Phoenix Coyotes,4,,,,
1999-03-21,Boston Bruins,4,Washington Capitals,1,,,,
1999-03-22,Calgary Flames,2,Edmonton Oilers,2,OT,,,
1999-03-22,San Jose Sharks,1,Montreal Canadiens,1,OT,,,
1999-03-22,Carolina Hurricanes,2,St. Louis Blues,5,,,,
1999-03-22,New York Rangers,3,Tampa Bay Lightning,6,,,,
1999-03-22,Philadelphia Flyers,3,Toronto Maple Leafs,1,,,,"at (Toronto, ON)"
1999-03-23,Buffalo Sabres,1,New Jersey Devils,1,OT,,,
1999-03-23,Dallas Stars,3,Phoenix Coyotes,2,,,,
1999-03-23,Chicago Blackhawks,2,Pittsburgh Penguins,5,,,,
1999-03-24,New York Islanders,1,Carolina Hurricanes,2,,,,
1999-03-24,Vancouver Canucks,2,Colorado Avalanche,5,,,,
1999-03-24,Buffalo Sabres,1,Detroit Red Wings,2,,,,
1999-03-24,Montreal Canadiens,2,Edmonton Oilers,0,,,,
1999-03-24,New York Rangers,2,Florida Panthers,1,,,,
1999-03-24,Boston Bruins,3,Ottawa Senators,0,,,,
1999-03-24,Nashville Predators,3,Tampa Bay Lightning,0,,,,
1999-03-24,San Jose Sharks,8,Toronto Maple Leafs,5,,,,"at (Toronto, ON)"
1999-03-25,Chicago Blackhawks,3,Boston Bruins,3,OT,,,
1999-03-25,Montreal Canadiens,1,Calgary Flames,2,,,,
1999-03-25,Dallas Stars,2,Los Angeles Kings,1,,,,
1999-03-25,Pittsburgh Penguins,3,New Jersey Devils,5,,,,
1999-03-25,Washington Capitals,2,Phoenix Coyotes,4,,,,
1999-03-25,St. Louis Blues,4,Vancouver Canucks,1,,,,
1999-03-26,Toronto Maple Leafs,7,Carolina Hurricanes,2,,,,
1999-03-26,Washington Capitals,1,Colorado Avalanche,3,,,,
1999-03-26,Tampa Bay Lightning,1,Detroit Red Wings,6,,,,
1999-03-26,St. Louis Blues,1,Edmonton Oilers,2,,,,
1999-03-26,Nashville Predators,1,Florida Panthers,4,,,,
1999-03-26,Dallas Stars,1,Mighty Ducks of Anaheim,5,,,,
1999-03-26,San Jose Sharks,1,Ottawa Senators,1,OT,,,
1999-03-27,Chicago Blackhawks,4,New Jersey Devils,4,OT,,,
1999-03-27,Ottawa Senators,7,New York Islanders,3,,,,
1999-03-27,New York Rangers,1,Philadelphia Flyers,3,,,,
1999-03-27,Calgary Flames,1,Phoenix Coyotes,2,,,,
1999-03-27,Buffalo Sabres,1,Pittsburgh Penguins,1,OT,,,
1999-03-27,Boston Bruins,2,Toronto Maple Leafs,2,OT,,,"at (Toronto, ON)"
1999-03-27,Montreal Canadiens,1,Vancouver Canucks,5,,,,
1999-03-28,Pittsburgh Penguins,3,Buffalo Sabres,4,OT,,,
1999-03-28,Tampa Bay Lightning,3,Carolina Hurricanes,3,OT,,,
1999-03-28,St. Louis Blues,1,Chicago Blackhawks,3,,,,
1999-03-28,Los Angeles Kings,2,Colorado Avalanche,7,,,,
1999-03-28,Philadelphia Flyers,2,Detroit Red Wings,3,OT,,,
1999-03-28,San Jose Sharks,2,Edmonton Oilers,5,,,,
1999-03-28,New Jersey Devils,2,Florida Panthers,2,OT,,,
1999-03-28,Calgary Flames,1,Mighty Ducks of Anaheim,5,,,,
1999-03-28,Dallas Stars,3,Nashville Predators,0,,,,
1999-03-29,New York Islanders,1,New York Rangers,3,,,,
1999-03-29,Phoenix Coyotes,0,Vancouver Canucks,1,,,,
1999-03-30,Los Angeles Kings,2,Boston Bruins,1,OT,,,
1999-03-30,Calgary Flames,3,Colorado Avalanche,3,OT,,,
1999-03-30,Phoenix Coyotes,7,Edmonton Oilers,4,,,,
1999-03-30,Carolina Hurricanes,3,Philadelphia Flyers,3,OT,,,
1999-03-30,Ottawa Senators,6,Pittsburgh Penguins,4,,,,
1999-03-30,Nashville Predators,3,Washington Capitals,2,,,,
1999-03-31,Buffalo Sabres,1,Chicago Blackhawks,2,,,,
1999-03-31,Tampa Bay Lightning,4,Dallas Stars,6,,,,
1999-03-31,Los Angeles Kings,1,Detroit Red Wings,2,,,,
1999-03-31,New York Islanders,5,Florida Panthers,3,,,,
1999-03-31,Mighty Ducks of Anaheim,1,New Jersey Devils,7,,,,
1999-03-31,Colorado Avalanche,3,San Jose Sharks,2,,,,
1999-03-31,Toronto Maple Leafs,6,Vancouver Canucks,5,,,,
1999-04-01,Phoenix Coyotes,4,Calgary Flames,1,,,,
1999-04-01,Toronto Maple Leafs,5,Edmonton Oilers,1,,,,
1999-04-01,Boston Bruins,3,Montreal Canadiens,2,,,,
1999-04-01,Philadelphia Flyers,2,Nashville Predators,1,,,,
1999-04-01,Pittsburgh Penguins,3,Ottawa Senators,3,OT,,,
1999-04-01,Tampa Bay Lightning,0,St. Louis Blues,3,,,,
1999-04-01,Florida Panthers,3,Washington Capitals,5,,,,
1999-04-02,Chicago Blackhawks,3,Detroit Red Wings,5,,,,
1999-04-02,Mighty Ducks of Anaheim,4,New York Rangers,1,,,,
1999-04-02,San Jose Sharks,7,Vancouver Canucks,0,,,,
1999-04-03,Philadelphia Flyers,0,Boston Bruins,3,,,,
1999-04-03,Toronto Maple Leafs,5,Calgary Flames,1,,,,
1999-04-03,Carolina Hurricanes,1,Chicago Blackhawks,2,,,,
1999-04-03,Edmonton Oilers,2,Colorado Avalanche,5,,,,
1999-04-03,Ottawa Senators,6,Florida Panthers,4,,,,
1999-04-03,Buffalo Sabres,1,Montreal Canadiens,2,,,,
1999-04-03,Los Angeles Kings,2,Nashville Predators,3,,,,
1999-04-03,Mighty Ducks of Anaheim,2,New York Islanders,2,OT,,,
1999-04-03,New Jersey Devils,4,Pittsburgh Penguins,2,,,,
1999-04-03,Vancouver Canucks,2,San Jose Sharks,5,,,,
1999-04-03,Dallas Stars,2,St. Louis Blues,5,,,,
1999-04-03,Washington Capitals,3,Tampa Bay Lightning,4,,,,
1999-04-04,Detroit Red Wings,3,Dallas Stars,0,,,,
1999-04-04,New York Rangers,1,New Jersey Devils,4,,,,
1999-04-05,Montreal Canadiens,0,Boston Bruins,3,,,,
1999-04-05,Pittsburgh Penguins,1,Buffalo Sabres,3,,,,
1999-04-05,Vancouver Canucks,1,Chicago Blackhawks,2,,,,
1999-04-05,Los Angeles Kings,1,Colorado Avalanche,4,,,,
1999-04-05,Mighty Ducks of Anaheim,2,Detroit Red Wings,3,,,,
1999-04-05,Washington Capitals,3,Florida Panthers,0,,,,
1999-04-05,New York Rangers,5,Philadelphia Flyers,1,,,,
1999-04-05,Ottawa Senators,4,Tampa Bay Lightning,4,OT,,,
1999-04-05,St. Louis Blues,2,Toronto Maple Leafs,2,OT,,,"at (Toronto, ON)"
1999-04-06,New Jersey Devils,2,Carolina Hurricanes,4,,,,
1999-04-06,Buffalo Sabres,4,New York Islanders,3,,,,
1999-04-06,San Jose Sharks,1,Phoenix Coyotes,0,,,,
1999-04-07,Nashville Predators,1,Colorado Avalanche,4,,,,
1999-04-07,Mighty Ducks of Anaheim,1,Dallas Stars,5,,,,
1999-04-07,Vancouver Canucks,1,Detroit Red Wings,6,,,,
1999-04-07,Calgary Flames,2,Edmonton Oilers,4,,,,
1999-04-07,Boston Bruins,5,Florida Panthers,2,,,,
1999-04-07,Carolina Hurricanes,0,Montreal Canadiens,2,,,,
1999-04-07,Ottawa Senators,2,Toronto Maple Leafs,4,,,,"at (Toronto, ON)"
1999-04-07,St. Louis Blues,4,Washington Capitals,2,,,,
1999-04-08,New York Rangers,2,Chicago Blackhawks,6,,,,
1999-04-08,San Jose Sharks,2,Los Angeles Kings,3,,,,
1999-04-08,Washington Capitals,0,New Jersey Devils,1,,,,
1999-04-08,Montreal Canadiens,1,New York Islanders,3,,,,
1999-04-08,Toronto Maple Leafs,1,Ottawa Senators,3,,,,
1999-04-08,Pittsburgh Penguins,1,Philadelphia Flyers,3,,,,
1999-04-08,Boston Bruins,0,Tampa Bay Lightning,3,,,,
1999-04-09,Florida Panthers,1,Buffalo Sabres,3,,,,
1999-04-09,Edmonton Oilers,4,Calgary Flames,1,,,,
1999-04-09,New York Rangers,1,Dallas Stars,3,,,,
1999-04-09,San Jose Sharks,4,Mighty Ducks of Anaheim,1,,,,
1999-04-09,Nashville Predators,4,Phoenix Coyotes,3,,,,
1999-04-09,Detroit Red Wings,1,St. Louis Blues,1,OT,,,
1999-04-10,Tampa Bay Lightning,2,Boston Bruins,3,,,,
1999-04-10,New Jersey Devils,6,Montreal Canadiens,2,,,,
1999-04-10,Carolina Hurricanes,6,New York Islanders,1,,,,
1999-04-10,Buffalo Sabres,1,Ottawa Senators,1,OT,,,
1999-04-10,Florida Panthers,1,Toronto Maple Leafs,9,,,,"at (Toronto, ON)"
1999-04-10,Edmonton Oilers,1,Vancouver Canucks,1,OT,,,
1999-04-10,Philadelphia Flyers,2,Washington Capitals,1,,,,
1999-04-11,Los Angeles Kings,2,Dallas Stars,6,,,,
1999-04-11,Pittsburgh Penguins,3,Detroit Red Wings,0,,,,
1999-04-11,Phoenix Coyotes,0,Mighty Ducks of Anaheim,3,,,,
1999-04-11,Colorado Avalanche,4,St. Louis Blues,2,,,,
1999-04-12,Vancouver Canucks,2,Calgary Flames,0,,,,
1999-04-12,New York Islanders,4,New Jersey Devils,2,,,,
1999-04-12,Los Angeles Kings,4,Nashville Predators,3,,,,
1999-04-12,Tampa Bay Lightning,1,New York Rangers,2,,,,
1999-04-12,Florida Panthers,2,Ottawa Senators,0,,,,
1999-04-12,Edmonton Oilers,5,San Jose Sharks,4,OT,,,
1999-04-12,Chicago Blackhawks,4,Washington Capitals,2,,,,
1999-04-13,Buffalo Sabres,2,Philadelphia Flyers,2,OT,,,
1999-04-13,Montreal Canadiens,2,Tampa Bay Lightning,2,OT,,,
1999-04-14,New Jersey Devils,2,Buffalo Sabres,1,,,,
1999-04-14,Washington Capitals,0,Carolina Hurricanes,3,,,,
1999-04-14,Phoenix Coyotes,2,Dallas Stars,4,,,,
1999-04-14,Nashville Predators,2,Detroit Red Wings,4,,,,
1999-04-14,Montreal Canadiens,2,Florida Panthers,3,OT,,,
1999-04-14,St. Louis Blues,3,Mighty Ducks of Anaheim,1,,,,
1999-04-14,New York Islanders,2,Toronto Maple Leafs,3,OT,,,"at (Toronto, ON)"
1999-04-14,Calgary Flames,5,Vancouver Canucks,4,,,,
1999-04-15,Pittsburgh Penguins,2,Boston Bruins,4,,,,
1999-04-15,Colorado Avalanche,1,Calgary Flames,5,,,,
1999-04-15,Nashville Predators,2,Chicago Blackhawks,4,,,,
1999-04-15,Mighty Ducks of Anaheim,3,Los Angeles Kings,4,OT,,,
1999-04-15,New York Rangers,2,Ottawa Senators,2,OT,,,
1999-04-15,St. Louis Blues,6,Phoenix Coyotes,4,,,,
1999-04-16,Colorado Avalanche,1,Edmonton Oilers,5,,,,
1999-04-16,Philadelphia Flyers,2,New Jersey Devils,3,OT,,,
1999-04-16,Los Angeles Kings,2,San Jose Sharks,0,,,,
1999-04-16,Carolina Hurricanes,2,Tampa Bay Lightning,2,OT,,,
1999-04-17,Buffalo Sabres,1,Boston Bruins,2,OT,,,
1999-04-17,Ottawa Senators,1,Carolina Hurricanes,1,OT,,,
1999-04-17,Detroit Red Wings,2,Chicago Blackhawks,3,,,,
1999-04-17,Calgary Flames,2,Edmonton Oilers,3,,,,
1999-04-17,Tampa Bay Lightning,2,Florida Panthers,6,,,,
1999-04-17,Toronto Maple Leafs,2,Montreal Canadiens,3,,,,
1999-04-17,New Jersey Devils,4,Nashville Predators,1,,,,
1999-04-17,Dallas Stars,0,Phoenix Coyotes,2,,,,
1999-04-17,New York Islanders,7,Pittsburgh Penguins,2,,,,
1999-04-17,Mighty Ducks of Anaheim,3,San Jose Sharks,3,OT,,,
1999-04-18,Washington Capitals,0,Buffalo Sabres,3,,,,
1999-04-18,Dallas Stars,1,Colorado Avalanche,2,,,,
1999-04-18,St. Louis Blues,3,Los Angeles Kings,2,,,,
1999-04-18,Pittsburgh Penguins,2,New York Rangers,1,OT,,,
1999-04-18,Boston Bruins,1,Philadelphia Flyers,3,,,,
