Week,Day,Date,Time,Winner/tie,,Loser/tie,,Pts,Pts,YdsW,TOW,YdsL,TOL
1,Thu,2008-09-04,7:08PM,New York Giants,,Washington Redskins,boxscore,16,7,354,1,209,0
1,Sun,2008-09-07,1:02PM,Philadelphia Eagles,,St. Louis Rams,boxscore,38,3,522,0,166,0
1,Sun,2008-09-07,1:02PM,New Orleans Saints,,Tampa Bay Buccaneers,boxscore,24,20,438,1,352,1
1,Sun,2008-09-07,1:02PM,Buffalo Bills,,Seattle Seahawks,boxscore,34,10,338,0,252,2
1,Sun,2008-09-07,1:02PM,Pittsburgh Steelers,,Houston Texans,boxscore,38,17,305,1,234,3
1,Sun,2008-09-07,1:02PM,New England Patriots,,Kansas City Chiefs,boxscore,17,10,338,2,284,1
1,Sun,2008-09-07,1:02PM,New York Jets,@,Miami Dolphins,boxscore,20,14,293,1,277,1
1,Sun,2008-09-07,1:04PM,Atlanta Falcons,,Detroit Lions,boxscore,34,21,474,0,316,1
1,Sun,2008-09-07,1:05PM,Tennessee Titans,,Jacksonville Jaguars,boxscore,17,10,309,2,189,3
1,Sun,2008-09-07,1:06PM,Baltimore Ravens,,Cincinnati Bengals,boxscore,17,10,358,2,154,2
1,Sun,2008-09-07,4:15PM,Carolina Panthers,@,San Diego Chargers,boxscore,26,24,388,1,316,1
1,Sun,2008-09-07,4:16PM,Dallas Cowboys,@,Cleveland Browns,boxscore,28,10,487,1,205,0
1,Sun,2008-09-07,4:16PM,Arizona Cardinals,@,San Francisco 49ers,boxscore,23,13,285,0,291,5
1,Sun,2008-09-07,8:23PM,Chicago Bears,@,Indianapolis Colts,boxscore,29,13,319,0,293,1
1,Mon,2008-09-08,7:10PM,Green Bay Packers,,Minnesota Vikings,boxscore,24,19,317,0,355,1
1,Mon,2008-09-08,10:22PM,Denver Broncos,@,Oakland Raiders,boxscore,41,14,441,0,307,1
Week
2,Sun,2008-09-14,1:00PM,New York Giants,@,St. Louis Rams,boxscore,41,13,441,0,201,1
2,Sun,2008-09-14,1:00PM,Oakland Raiders,@,Kansas City Chiefs,boxscore,23,8,355,2,190,2
2,Sun,2008-09-14,1:02PM,Tennessee Titans,@,Cincinnati Bengals,boxscore,24,7,295,1,215,2
2,Sun,2008-09-14,1:03PM,Washington Redskins,,New Orleans Saints,boxscore,29,24,455,1,250,3
2,Sun,2008-09-14,1:03PM,Buffalo Bills,@,Jacksonville Jaguars,boxscore,20,16,285,1,243,2
2,Sun,2008-09-14,1:03PM,Carolina Panthers,,Chicago Bears,boxscore,20,17,216,1,256,2
2,Sun,2008-09-14,1:03PM,Green Bay Packers,@,Detroit Lions,boxscore,48,25,447,1,311,3
2,Sun,2008-09-14,1:05PM,Indianapolis Colts,@,Minnesota Vikings,boxscore,18,15,321,2,299,1
2,Sun,2008-09-14,4:05PM,Tampa Bay Buccaneers,,Atlanta Falcons,boxscore,24,9,311,1,234,2
2,Sun,2008-09-14,4:06PM,San Francisco 49ers,@,Seattle Seahawks,boxscore,33,30,365,1,351,3
2,Sun,2008-09-14,4:15PM,Arizona Cardinals,,Miami Dolphins,boxscore,31,10,445,0,236,0
2,Sun,2008-09-14,4:15PM,New England Patriots,@,New York Jets,boxscore,19,10,260,0,256,1
2,Sun,2008-09-14,4:15PM,Denver Broncos,,San Diego Chargers,boxscore,39,38,486,1,456,1
2,Sun,2008-09-14,8:23PM,Pittsburgh Steelers,@,Cleveland Browns,boxscore,10,6,281,0,208,2
2,Mon,2008-09-15,8:40PM,Dallas Cowboys,,Philadelphia Eagles,boxscore,41,37,380,2,337,1
Week
3,Sun,2008-09-21,1:02PM,Tennessee Titans,,Houston Texans,boxscore,31,12,343,2,317,3
3,Sun,2008-09-21,1:02PM,Atlanta Falcons,,Kansas City Chiefs,boxscore,38,14,378,1,301,3
3,Sun,2008-09-21,1:02PM,New York Giants,,Cincinnati Bengals,boxscore,26,23,406,0,347,0
3,Sun,2008-09-21,1:02PM,Miami Dolphins,@,New England Patriots,boxscore,38,13,461,0,215,2
3,Sun,2008-09-21,1:02PM,Washington Redskins,,Arizona Cardinals,boxscore,24,17,323,0,313,2
3,Sun,2008-09-21,1:02PM,Buffalo Bills,,Oakland Raiders,boxscore,24,23,378,3,247,1
3,Sun,2008-09-21,1:02PM,Tampa Bay Buccaneers,@,Chicago Bears,boxscore,27,24,454,4,405,2
3,Sun,2008-09-21,1:05PM,Minnesota Vikings,,Carolina Panthers,boxscore,20,10,305,1,204,2
3,Sun,2008-09-21,4:06PM,Denver Broncos,,New Orleans Saints,boxscore,34,32,369,2,502,1
3,Sun,2008-09-21,4:06PM,San Francisco 49ers,,Detroit Lions,boxscore,31,13,370,0,240,2
3,Sun,2008-09-21,4:06PM,Seattle Seahawks,,St. Louis Rams,boxscore,37,13,407,1,240,2
3,Sun,2008-09-21,4:14PM,Philadelphia Eagles,,Pittsburgh Steelers,boxscore,15,6,260,3,181,3
3,Sun,2008-09-21,4:15PM,Jacksonville Jaguars,@,Indianapolis Colts,boxscore,23,21,403,1,325,2
3,Sun,2008-09-21,4:16PM,Baltimore Ravens,,Cleveland Browns,boxscore,28,10,273,2,169,3
3,Sun,2008-09-21,8:23PM,Dallas Cowboys,@,Green Bay Packers,boxscore,27,16,453,2,334,1
3,Mon,2008-09-22,8:40PM,San Diego Chargers,,New York Jets,boxscore,48,29,357,1,308,4
Week
4,Sun,2008-09-28,1:00PM,Kansas City Chiefs,,Denver Broncos,boxscore,33,19,370,1,446,4
4,Sun,2008-09-28,1:02PM,Jacksonville Jaguars,,Houston Texans,boxscore,30,27,375,0,386,0
4,Sun,2008-09-28,1:02PM,New York Jets,,Arizona Cardinals,boxscore,56,35,373,1,468,7
4,Sun,2008-09-28,1:02PM,Tampa Bay Buccaneers,,Green Bay Packers,boxscore,30,21,327,3,181,4
4,Sun,2008-09-28,1:02PM,Cleveland Browns,@,Cincinnati Bengals,boxscore,20,12,261,2,211,5
4,Sun,2008-09-28,1:03PM,Tennessee Titans,,Minnesota Vikings,boxscore,30,17,275,1,333,4
4,Sun,2008-09-28,1:03PM,New Orleans Saints,,San Francisco 49ers,boxscore,31,17,467,2,312,3
4,Sun,2008-09-28,1:04PM,Carolina Panthers,,Atlanta Falcons,boxscore,24,9,401,0,268,0
4,Sun,2008-09-28,4:05PM,Buffalo Bills,@,St. Louis Rams,boxscore,31,14,277,1,380,2
4,Sun,2008-09-28,4:05PM,San Diego Chargers,@,Oakland Raiders,boxscore,28,18,295,2,323,2
4,Sun,2008-09-28,4:15PM,Washington Redskins,@,Dallas Cowboys,boxscore,26,24,381,0,344,1
4,Sun,2008-09-28,8:23PM,Chicago Bears,,Philadelphia Eagles,boxscore,24,20,256,4,340,2
4,Mon,2008-09-29,8:40PM,Pittsburgh Steelers,,Baltimore Ravens,boxscore,23,20,237,1,243,1
Week
5,Sun,2008-10-05,1:02PM,Indianapolis Colts,@,Houston Texans,boxscore,31,27,314,1,391,3
5,Sun,2008-10-05,1:02PM,Atlanta Falcons,@,Green Bay Packers,boxscore,27,24,370,1,408,1
5,Sun,2008-10-05,1:02PM,Tennessee Titans,@,Baltimore Ravens,boxscore,13,10,210,2,285,2
5,Sun,2008-10-05,1:02PM,Chicago Bears,@,Detroit Lions,boxscore,34,7,425,1,185,2
5,Sun,2008-10-05,1:03PM,New York Giants,,Seattle Seahawks,boxscore,44,6,523,0,187,1
5,Sun,2008-10-05,1:03PM,Miami Dolphins,,San Diego Chargers,boxscore,17,10,390,1,202,0
5,Sun,2008-10-05,1:04PM,Washington Redskins,@,Philadelphia Eagles,boxscore,23,17,388,0,254,0
5,Sun,2008-10-05,1:04PM,Carolina Panthers,,Kansas City Chiefs,boxscore,34,0,441,2,127,3
5,Sun,2008-10-05,4:05PM,Denver Broncos,,Tampa Bay Buccaneers,boxscore,16,13,333,1,307,1
5,Sun,2008-10-05,4:15PM,New England Patriots,@,San Francisco 49ers,boxscore,30,21,377,2,199,3
5,Sun,2008-10-05,4:15PM,Dallas Cowboys,,Cincinnati Bengals,boxscore,31,22,373,2,269,2
5,Sun,2008-10-05,4:16PM,Arizona Cardinals,,Buffalo Bills,boxscore,41,17,373,0,287,4
5,Sun,2008-10-05,8:23PM,Pittsburgh Steelers,@,Jacksonville Jaguars,boxscore,26,21,415,1,213,0
5,Mon,2008-10-06,8:40PM,Minnesota Vikings,@,New Orleans Saints,boxscore,30,27,270,0,375,4
Week
6,Sun,2008-10-12,1:02PM,Houston Texans,,Miami Dolphins,boxscore,29,28,485,4,370,1
6,Sun,2008-10-12,1:02PM,Indianapolis Colts,,Baltimore Ravens,boxscore,31,3,334,0,260,5
6,Sun,2008-10-12,1:02PM,New Orleans Saints,,Oakland Raiders,boxscore,34,3,441,0,226,2
6,Sun,2008-10-12,1:02PM,Atlanta Falcons,,Chicago Bears,boxscore,22,20,376,1,361,1
6,Sun,2008-10-12,1:02PM,Tampa Bay Buccaneers,,Carolina Panthers,boxscore,27,3,315,0,282,3
6,Sun,2008-10-12,1:02PM,New York Jets,,Cincinnati Bengals,boxscore,26,14,252,3,171,1
6,Sun,2008-10-12,1:03PM,St. Louis Rams,@,Washington Redskins,boxscore,19,17,200,1,368,3
6,Sun,2008-10-12,1:05PM,Minnesota Vikings,,Detroit Lions,boxscore,12,10,392,3,212,1
6,Sun,2008-10-12,4:05PM,Jacksonville Jaguars,@,Denver Broncos,boxscore,24,17,416,2,323,3
6,Sun,2008-10-12,4:15PM,Arizona Cardinals,,Dallas Cowboys,boxscore,30,24,276,3,374,1
6,Sun,2008-10-12,4:15PM,Philadelphia Eagles,@,San Francisco 49ers,boxscore,40,26,383,1,306,3
6,Sun,2008-10-12,4:16PM,Green Bay Packers,@,Seattle Seahawks,boxscore,27,17,313,1,177,2
6,Sun,2008-10-12,8:20PM,San Diego Chargers,,New England Patriots,boxscore,30,10,404,1,299,1
6,Mon,2008-10-13,8:41PM,Cleveland Browns,,New York Giants,boxscore,35,14,454,0,373,3
Week
7,Sun,2008-10-19,1:00PM,Tennessee Titans,@,Kansas City Chiefs,boxscore,34,10,455,0,272,0
7,Sun,2008-10-19,1:00PM,St. Louis Rams,,Dallas Cowboys,boxscore,34,14,325,0,341,4
7,Sun,2008-10-19,1:02PM,New York Giants,,San Francisco 49ers,boxscore,29,17,273,0,253,3
7,Sun,2008-10-19,1:02PM,Buffalo Bills,,San Diego Chargers,boxscore,23,14,370,0,263,3
7,Sun,2008-10-19,1:02PM,Baltimore Ravens,@,Miami Dolphins,boxscore,27,13,357,1,359,1
7,Sun,2008-10-19,1:02PM,Chicago Bears,,Minnesota Vikings,boxscore,48,41,327,1,439,5
7,Sun,2008-10-19,1:04PM,Carolina Panthers,,New Orleans Saints,boxscore,30,7,336,0,343,2
7,Sun,2008-10-19,1:04PM,Pittsburgh Steelers,@,Cincinnati Bengals,boxscore,38,10,375,0,212,1
7,Sun,2008-10-19,4:05PM,Houston Texans,,Detroit Lions,boxscore,28,21,404,1,326,0
7,Sun,2008-10-19,4:15PM,Oakland Raiders,,New York Jets,boxscore,16,13,344,0,418,3
7,Sun,2008-10-19,4:15PM,Green Bay Packers,,Indianapolis Colts,boxscore,34,14,302,0,302,2
7,Sun,2008-10-19,4:16PM,Washington Redskins,,Cleveland Browns,boxscore,14,11,351,1,236,0
7,Sun,2008-10-19,8:23PM,Tampa Bay Buccaneers,,Seattle Seahawks,boxscore,20,10,402,1,176,2
7,Mon,2008-10-20,8:40PM,New England Patriots,,Denver Broncos,boxscore,41,7,404,0,275,5
Week
8,Sun,2008-10-26,1:02PM,Philadelphia Eagles,,Atlanta Falcons,boxscore,27,14,432,1,335,3
8,Sun,2008-10-26,1:02PM,New England Patriots,,St. Louis Rams,boxscore,23,16,348,2,358,1
8,Sun,2008-10-26,1:02PM,Baltimore Ravens,,Oakland Raiders,boxscore,29,10,375,1,234,1
8,Sun,2008-10-26,1:02PM,Dallas Cowboys,,Tampa Bay Buccaneers,boxscore,13,9,172,0,262,1
8,Sun,2008-10-26,1:03PM,Washington Redskins,@,Detroit Lions,boxscore,25,17,439,1,274,0
8,Sun,2008-10-26,1:04PM,Carolina Panthers,,Arizona Cardinals,boxscore,27,23,351,1,425,2
8,Sun,2008-10-26,1:05PM,New York Jets,,Kansas City Chiefs,boxscore,28,24,420,3,330,0
8,Sun,2008-10-26,1:05PM,Miami Dolphins,,Buffalo Bills,boxscore,25,16,358,1,339,4
8,Sun,2008-10-26,1:06PM,New Orleans Saints,,San Diego Chargers,boxscore,37,32,409,0,451,2
8,Sun,2008-10-26,3:47PM,Houston Texans,,Cincinnati Bengals,boxscore,35,6,384,0,253,3
8,Sun,2008-10-26,4:05PM,Cleveland Browns,@,Jacksonville Jaguars,boxscore,23,17,327,0,380,1
8,Sun,2008-10-26,4:15PM,Seattle Seahawks,@,San Francisco 49ers,boxscore,34,13,261,0,388,2
8,Sun,2008-10-26,4:15PM,New York Giants,@,Pittsburgh Steelers,boxscore,21,14,282,0,249,4
8,Mon,2008-10-27,8:39PM,Tennessee Titans,,Indianapolis Colts,boxscore,31,21,281,0,317,2
Week
9,Sun,2008-11-02,1:00PM,Arizona Cardinals,@,St. Louis Rams,boxscore,34,13,510,0,231,3
9,Sun,2008-11-02,1:02PM,New York Jets,@,Buffalo Bills,boxscore,26,17,297,1,292,3
9,Sun,2008-11-02,1:02PM,Tennessee Titans,,Green Bay Packers,boxscore,19,16,347,0,390,2
9,Sun,2008-11-02,1:02PM,Baltimore Ravens,@,Cleveland Browns,boxscore,37,27,429,0,274,2
9,Sun,2008-11-02,1:02PM,Chicago Bears,,Detroit Lions,boxscore,27,23,320,2,333,3
9,Sun,2008-11-02,1:02PM,Cincinnati Bengals,,Jacksonville Jaguars,boxscore,21,19,312,2,282,1
9,Sun,2008-11-02,1:03PM,Tampa Bay Buccaneers,@,Kansas City Chiefs,boxscore,30,27,423,4,384,1
9,Sun,2008-11-02,1:05PM,Minnesota Vikings,,Houston Texans,boxscore,28,21,345,1,389,3
9,Sun,2008-11-02,4:05PM,Miami Dolphins,@,Denver Broncos,boxscore,26,17,341,1,319,3
9,Sun,2008-11-02,4:15PM,Atlanta Falcons,@,Oakland Raiders,boxscore,24,0,453,1,77,2
9,Sun,2008-11-02,4:15PM,New York Giants,,Dallas Cowboys,boxscore,35,14,319,3,183,4
9,Sun,2008-11-02,4:16PM,Philadelphia Eagles,@,Seattle Seahawks,boxscore,26,7,419,1,233,0
9,Sun,2008-11-02,8:23PM,Indianapolis Colts,,New England Patriots,boxscore,18,15,301,0,342,2
9,Mon,2008-11-03,8:41PM,Pittsburgh Steelers,@,Washington Redskins,boxscore,23,6,224,1,221,2
Week
10,Thu,2008-11-06,8:15PM,Denver Broncos,@,Cleveland Browns,boxscore,34,30,564,1,399,1
10,Sun,2008-11-09,1:02PM,Tennessee Titans,@,Chicago Bears,boxscore,21,14,304,1,243,1
10,Sun,2008-11-09,1:02PM,Baltimore Ravens,@,Houston Texans,boxscore,41,13,328,0,355,4
10,Sun,2008-11-09,1:02PM,New England Patriots,,Buffalo Bills,boxscore,20,10,370,1,168,2
10,Sun,2008-11-09,1:02PM,Jacksonville Jaguars,@,Detroit Lions,boxscore,38,14,384,0,256,1
10,Sun,2008-11-09,1:03PM,Atlanta Falcons,,New Orleans Saints,boxscore,34,20,361,0,521,3
10,Sun,2008-11-09,1:03PM,New York Jets,,St. Louis Rams,boxscore,47,3,373,0,200,5
10,Sun,2008-11-09,1:03PM,Miami Dolphins,,Seattle Seahawks,boxscore,21,19,361,1,298,0
10,Sun,2008-11-09,1:05PM,Minnesota Vikings,,Green Bay Packers,boxscore,28,27,361,3,184,0
10,Sun,2008-11-09,4:05PM,Carolina Panthers,@,Oakland Raiders,boxscore,17,6,219,4,259,3
10,Sun,2008-11-09,4:15PM,San Diego Chargers,,Kansas City Chiefs,boxscore,20,19,400,2,339,0
10,Sun,2008-11-09,4:15PM,Indianapolis Colts,@,Pittsburgh Steelers,boxscore,24,20,290,0,322,3
10,Sun,2008-11-09,8:23PM,New York Giants,@,Philadelphia Eagles,boxscore,36,31,401,2,300,2
10,Mon,2008-11-10,8:40PM,Arizona Cardinals,,San Francisco 49ers,boxscore,29,24,374,0,336,3
Week
11,Thu,2008-11-13,8:15PM,New York Jets,@,New England Patriots,boxscore,34,31,375,1,511,1
11,Sun,2008-11-16,1:00PM,New Orleans Saints,@,Kansas City Chiefs,boxscore,30,20,369,1,330,1
11,Sun,2008-11-16,1:02PM,Miami Dolphins,,Oakland Raiders,boxscore,17,15,382,1,199,0
11,Sun,2008-11-16,1:02PM,Tampa Bay Buccaneers,,Minnesota Vikings,boxscore,19,13,363,1,210,2
11,Sun,2008-11-16,1:02PM,Denver Broncos,@,Atlanta Falcons,boxscore,24,20,332,0,364,1
11,Sun,2008-11-16,1:02PM,New York Giants,,Baltimore Ravens,boxscore,30,10,353,1,275,2
11,Sun,2008-11-16,1:02PM,Green Bay Packers,,Chicago Bears,boxscore,37,3,427,1,234,1
11,Sun,2008-11-16,1:02PM,Indianapolis Colts,,Houston Texans,boxscore,33,27,474,0,356,1
11,Sun,2008-11-16,1:03PM,Carolina Panthers,,Detroit Lions,boxscore,31,22,366,1,316,4
11,Sun,2008-11-16,1:03PM,Philadelphia Eagles,@,Cincinnati Bengals,boxscore,13,13,391,4,282,1
11,Sun,2008-11-16,4:05PM,San Francisco 49ers,,St. Louis Rams,boxscore,35,16,334,2,406,3
11,Sun,2008-11-16,4:06PM,Arizona Cardinals,@,Seattle Seahawks,boxscore,26,20,458,3,196,4
11,Sun,2008-11-16,4:15PM,Tennessee Titans,@,Jacksonville Jaguars,boxscore,24,14,344,1,257,1
11,Sun,2008-11-16,4:16PM,Pittsburgh Steelers,,San Diego Chargers,boxscore,11,10,410,0,218,2
11,Sun,2008-11-16,8:23PM,Dallas Cowboys,@,Washington Redskins,boxscore,14,10,315,2,228,1
11,Mon,2008-11-17,8:40PM,Cleveland Browns,@,Buffalo Bills,boxscore,29,27,337,0,334,4
Week
12,Thu,2008-11-20,8:15PM,Pittsburgh Steelers,,Cincinnati Bengals,boxscore,27,10,364,1,208,1
12,Sun,2008-11-23,1:00PM,Chicago Bears,@,St. Louis Rams,boxscore,27,3,334,2,207,4
12,Sun,2008-11-23,1:00PM,Buffalo Bills,@,Kansas City Chiefs,boxscore,54,31,444,0,462,5
12,Sun,2008-11-23,1:02PM,New York Jets,@,Tennessee Titans,boxscore,34,13,409,2,281,1
12,Sun,2008-11-23,1:02PM,Baltimore Ravens,,Philadelphia Eagles,boxscore,36,7,248,0,206,5
12,Sun,2008-11-23,1:02PM,New England Patriots,@,Miami Dolphins,boxscore,48,28,530,2,392,1
12,Sun,2008-11-23,1:03PM,Dallas Cowboys,,San Francisco 49ers,boxscore,35,22,408,1,304,2
12,Sun,2008-11-23,1:03PM,Tampa Bay Buccaneers,@,Detroit Lions,boxscore,38,20,255,3,207,3
12,Sun,2008-11-23,1:03PM,Houston Texans,@,Cleveland Browns,boxscore,16,6,383,2,240,5
12,Sun,2008-11-23,1:05PM,Minnesota Vikings,@,Jacksonville Jaguars,boxscore,30,12,226,1,321,5
12,Sun,2008-11-23,4:05PM,Oakland Raiders,@,Denver Broncos,boxscore,31,10,318,0,319,2
12,Sun,2008-11-23,4:15PM,Atlanta Falcons,,Carolina Panthers,boxscore,45,28,392,1,408,0
12,Sun,2008-11-23,4:16PM,New York Giants,@,Arizona Cardinals,boxscore,37,29,321,0,371,2
12,Sun,2008-11-23,4:16PM,Washington Redskins,@,Seattle Seahawks,boxscore,20,17,386,1,228,2
12,Sun,2008-11-23,8:20PM,Indianapolis Colts,@,San Diego Chargers,boxscore,23,20,341,1,394,1
12,Mon,2008-11-24,8:40PM,New Orleans Saints,,Green Bay Packers,boxscore,51,29,416,1,343,3
Week
13,Thu,2008-11-27,12:37PM,Tennessee Titans,@,Detroit Lions,boxscore,47,10,456,1,154,3
13,Thu,2008-11-27,4:29PM,Dallas Cowboys,,Seattle Seahawks,boxscore,34,9,447,1,322,2
13,Thu,2008-11-27,8:16PM,Philadelphia Eagles,,Arizona Cardinals,boxscore,48,20,437,1,260,4
13,Sun,2008-11-30,1:00PM,Miami Dolphins,@,St. Louis Rams,boxscore,16,12,337,1,278,3
13,Sun,2008-11-30,1:01PM,San Francisco 49ers,@,Buffalo Bills,boxscore,10,3,195,1,350,1
13,Sun,2008-11-30,1:02PM,Tampa Bay Buccaneers,,New Orleans Saints,boxscore,23,20,254,1,332,3
13,Sun,2008-11-30,1:02PM,Carolina Panthers,@,Green Bay Packers,boxscore,35,31,298,1,438,2
13,Sun,2008-11-30,1:02PM,Baltimore Ravens,@,Cincinnati Bengals,boxscore,34,3,451,0,155,1
13,Sun,2008-11-30,1:02PM,Indianapolis Colts,@,Cleveland Browns,boxscore,10,6,215,3,193,2
13,Sun,2008-11-30,1:04PM,New York Giants,@,Washington Redskins,boxscore,23,7,404,1,320,2
13,Sun,2008-11-30,4:05PM,Atlanta Falcons,@,San Diego Chargers,boxscore,22,16,348,3,201,0
13,Sun,2008-11-30,4:15PM,Pittsburgh Steelers,@,New England Patriots,boxscore,33,10,333,1,267,5
13,Sun,2008-11-30,4:15PM,Kansas City Chiefs,@,Oakland Raiders,boxscore,20,13,301,1,271,2
13,Sun,2008-11-30,4:15PM,Denver Broncos,@,New York Jets,boxscore,34,17,484,1,383,2
13,Sun,2008-11-30,8:15PM,Minnesota Vikings,,Chicago Bears,boxscore,34,14,378,1,228,3
13,Mon,2008-12-01,8:40PM,Houston Texans,,Jacksonville Jaguars,boxscore,30,17,326,1,388,3
Week
14,Thu,2008-12-04,8:15PM,San Diego Chargers,,Oakland Raiders,boxscore,34,7,372,1,163,4
14,Sun,2008-12-07,1:02PM,New Orleans Saints,,Atlanta Falcons,boxscore,29,25,414,0,414,1
14,Sun,2008-12-07,1:02PM,Chicago Bears,,Jacksonville Jaguars,boxscore,23,10,296,1,278,1
14,Sun,2008-12-07,1:02PM,Indianapolis Colts,,Cincinnati Bengals,boxscore,35,3,334,1,252,4
14,Sun,2008-12-07,1:02PM,Houston Texans,@,Green Bay Packers,boxscore,24,21,549,4,387,1
14,Sun,2008-12-07,1:03PM,Minnesota Vikings,@,Detroit Lions,boxscore,20,16,301,2,268,0
14,Sun,2008-12-07,1:04PM,Tennessee Titans,,Cleveland Browns,boxscore,28,9,390,3,178,1
14,Sun,2008-12-07,1:04PM,Philadelphia Eagles,@,New York Giants,boxscore,20,14,331,0,211,0
14,Sun,2008-12-07,4:05PM,Denver Broncos,,Kansas City Chiefs,boxscore,24,17,425,1,260,0
14,Sun,2008-12-07,4:05PM,San Francisco 49ers,,New York Jets,boxscore,24,14,375,2,182,1
14,Sun,2008-12-07,4:05PM,Miami Dolphins,@,Buffalo Bills,boxscore,16,3,295,0,163,2
14,Sun,2008-12-07,4:06PM,New England Patriots,@,Seattle Seahawks,boxscore,24,21,344,0,339,1
14,Sun,2008-12-07,4:15PM,Arizona Cardinals,,St. Louis Rams,boxscore,34,10,335,1,308,3
14,Sun,2008-12-07,4:16PM,Pittsburgh Steelers,,Dallas Cowboys,boxscore,20,13,238,2,289,5
14,Sun,2008-12-07,8:23PM,Baltimore Ravens,,Washington Redskins,boxscore,24,10,281,2,254,3
14,Mon,2008-12-08,8:36PM,Carolina Panthers,,Tampa Bay Buccaneers,boxscore,38,23,464,2,384,0
Week
15,Thu,2008-12-11,8:14PM,Chicago Bears,,New Orleans Saints,boxscore,27,24,226,3,345,2
15,Sun,2008-12-14,1:00PM,Seattle Seahawks,@,St. Louis Rams,boxscore,23,20,333,2,342,2
15,Sun,2008-12-14,1:00PM,San Diego Chargers,@,Kansas City Chiefs,boxscore,22,21,394,3,277,2
15,Sun,2008-12-14,1:02PM,New York Jets,,Buffalo Bills,boxscore,31,27,372,2,306,4
15,Sun,2008-12-14,1:02PM,Indianapolis Colts,,Detroit Lions,boxscore,31,21,421,2,323,2
15,Sun,2008-12-14,1:03PM,Atlanta Falcons,,Tampa Bay Buccaneers,boxscore,13,10,373,3,325,1
15,Sun,2008-12-14,1:03PM,Cincinnati Bengals,,Washington Redskins,boxscore,20,13,310,0,280,2
15,Sun,2008-12-14,1:03PM,Miami Dolphins,,San Francisco 49ers,boxscore,14,9,248,0,318,0
15,Sun,2008-12-14,1:04PM,Jacksonville Jaguars,,Green Bay Packers,boxscore,20,16,323,0,338,1
15,Sun,2008-12-14,1:05PM,Houston Texans,,Tennessee Titans,boxscore,13,12,375,1,281,2
15,Sun,2008-12-14,4:05PM,Minnesota Vikings,@,Arizona Cardinals,boxscore,35,14,396,1,316,2
15,Sun,2008-12-14,4:15PM,New England Patriots,@,Oakland Raiders,boxscore,49,26,487,1,334,1
15,Sun,2008-12-14,4:15PM,Pittsburgh Steelers,@,Baltimore Ravens,boxscore,13,9,311,2,202,2
15,Sun,2008-12-14,4:15PM,Carolina Panthers,,Denver Broncos,boxscore,30,10,400,1,279,2
15,Sun,2008-12-14,8:24PM,Dallas Cowboys,,New York Giants,boxscore,20,8,321,0,218,2
15,Mon,2008-12-15,8:40PM,Philadelphia Eagles,,Cleveland Browns,boxscore,30,10,418,3,196,2
Week
16,Thu,2008-12-18,8:15PM,Indianapolis Colts,@,Jacksonville Jaguars,boxscore,31,24,396,0,409,1
16,Sat,2008-12-20,8:15PM,Baltimore Ravens,@,Dallas Cowboys,boxscore,33,24,388,1,327,2
16,Sun,2008-12-21,1:00PM,Miami Dolphins,@,Kansas City Chiefs,boxscore,38,31,403,2,492,4
16,Sun,2008-12-21,1:00PM,San Francisco 49ers,@,St. Louis Rams,boxscore,17,16,273,4,343,1
16,Sun,2008-12-21,1:02PM,Tennessee Titans,,Pittsburgh Steelers,boxscore,31,14,322,0,374,4
16,Sun,2008-12-21,1:02PM,New England Patriots,,Arizona Cardinals,boxscore,47,7,514,0,186,2
16,Sun,2008-12-21,1:02PM,San Diego Chargers,@,Tampa Bay Buccaneers,boxscore,41,24,370,0,342,3
16,Sun,2008-12-21,1:03PM,Cincinnati Bengals,@,Cleveland Browns,boxscore,14,0,246,1,182,4
16,Sun,2008-12-21,1:03PM,New Orleans Saints,@,Detroit Lions,boxscore,42,7,532,1,255,2
16,Sun,2008-12-21,4:05PM,Oakland Raiders,,Houston Texans,boxscore,27,16,362,1,324,1
16,Sun,2008-12-21,4:06PM,Seattle Seahawks,,New York Jets,boxscore,13,3,295,2,265,2
16,Sun,2008-12-21,4:06PM,Buffalo Bills,@,Denver Broncos,boxscore,30,23,275,0,532,2
16,Sun,2008-12-21,4:15PM,Atlanta Falcons,@,Minnesota Vikings,boxscore,24,17,222,0,350,4
16,Sun,2008-12-21,4:16PM,Washington Redskins,,Philadelphia Eagles,boxscore,10,3,249,0,275,1
16,Sun,2008-12-21,8:23PM,New York Giants,,Carolina Panthers,boxscore,34,28,459,0,343,0
16,Mon,2008-12-22,8:40PM,Chicago Bears,,Green Bay Packers,boxscore,20,17,210,2,325,2
Week
17,Sun,2008-12-28,1:02PM,New England Patriots,@,Buffalo Bills,boxscore,13,0,241,0,276,1
17,Sun,2008-12-28,1:02PM,Oakland Raiders,@,Tampa Bay Buccaneers,boxscore,31,24,337,1,380,1
17,Sun,2008-12-28,1:02PM,Green Bay Packers,,Detroit Lions,boxscore,31,21,484,1,316,2
17,Sun,2008-12-28,1:02PM,Pittsburgh Steelers,,Cleveland Browns,boxscore,31,0,369,1,126,2
17,Sun,2008-12-28,1:02PM,Indianapolis Colts,,Tennessee Titans,boxscore,23,0,390,0,125,0
17,Sun,2008-12-28,1:02PM,Atlanta Falcons,,St. Louis Rams,boxscore,31,27,417,3,408,0
17,Sun,2008-12-28,1:02PM,Cincinnati Bengals,,Kansas City Chiefs,boxscore,16,6,329,0,220,1
17,Sun,2008-12-28,1:03PM,Carolina Panthers,@,New Orleans Saints,boxscore,33,31,478,0,417,2
17,Sun,2008-12-28,1:03PM,Houston Texans,,Chicago Bears,boxscore,31,24,455,1,294,1
17,Sun,2008-12-28,1:05PM,Minnesota Vikings,,New York Giants,boxscore,20,19,328,1,357,0
17,Sun,2008-12-28,4:15PM,Arizona Cardinals,,Seattle Seahawks,boxscore,34,21,457,2,330,3
17,Sun,2008-12-28,4:15PM,San Francisco 49ers,,Washington Redskins,boxscore,27,24,359,1,268,1
17,Sun,2008-12-28,4:15PM,Philadelphia Eagles,,Dallas Cowboys,boxscore,44,6,303,1,298,5
17,Sun,2008-12-28,4:16PM,Baltimore Ravens,,Jacksonville Jaguars,boxscore,27,7,431,0,245,4
17,Sun,2008-12-28,4:17PM,Miami Dolphins,@,New York Jets,boxscore,24,17,319,1,331,4
17,Sun,2008-12-28,8:23PM,San Diego Chargers,,Denver Broncos,boxscore,52,21,491,0,406,2
,,Playoffs,,,,,,,,,,,
WildCard,Sat,2009-01-03,4:36PM,Arizona Cardinals,,Atlanta Falcons,boxscore,30,24,357,1,250,3
WildCard,Sat,2009-01-03,8:08PM,San Diego Chargers,,Indianapolis Colts,boxscore,23,17,357,2,366,0
WildCard,Sun,2009-01-04,1:03PM,Baltimore Ravens,@,Miami Dolphins,boxscore,27,9,286,1,276,5
WildCard,Sun,2009-01-04,4:40PM,Philadelphia Eagles,@,Minnesota Vikings,boxscore,26,14,350,2,301,2
Division,Sat,2009-01-10,4:33PM,Baltimore Ravens,@,Tennessee Titans,boxscore,13,10,211,0,391,3
Division,Sat,2009-01-10,8:16PM,Arizona Cardinals,@,Carolina Panthers,boxscore,33,13,360,1,269,6
Division,Sun,2009-01-11,1:06PM,Philadelphia Eagles,@,New York Giants,boxscore,23,11,276,2,307,3
Division,Sun,2009-01-11,4:45PM,Pittsburgh Steelers,,San Diego Chargers,boxscore,35,24,342,0,290,2
ConfChamp,Sun,2009-01-18,4:06PM,Arizona Cardinals,,Philadelphia Eagles,boxscore,32,25,369,1,454,3
ConfChamp,Sun,2009-01-18,6:43PM,Pittsburgh Steelers,,Baltimore Ravens,boxscore,23,14,275,1,198,4
SuperBowl,Sun,2009-02-01,6:31PM,Pittsburgh Steelers,N,Arizona Cardinals,boxscore,27,23,292,1,407,2
